Workbook

Sheet 進捗
B4: シート名 | H4: 試験件数 | U4: 進捗率 | AA4: 状態 | AF4: 全 | AH4: =SUM(J5:L28) -> 242 | AI4: 件
B5: =RIGHT(CELL("filename",ヒアーズミー!A2),LEN(CELL("filename",ヒアーズミー!A2))-FIND("]",CELL("filename",ヒアーズミー!A2))) -> ヒアーズミー | H5: 高 | J5: =ヒアーズミー!$F$4 -> 50 | M5: OK | P5: 高 | R5: =ヒアーズミー!$H$4 -> 50 | U5: 高 | W5: =IF(J5=0,"",R5/J5) -> 1 | Y5: =SUM(R5:T7)/SUM(J5:L10) -> 1 | AA5: =IF(Y5=100%,"完了","実施中") -> 完了 | AF5: 実施済み | AG5: OK | AH5: =SUM(R5:T7,R11:T13,R17:T19,R23:T25) -> 242 | AI5: 件 | AK5: 合計
P6: 中 | R6: =ヒアーズミー!$H$5 -> 0 | AG6: NG | AH6: =SUM(R8:T10,R14:T16,R20:T22,R26:T28) -> 0 | AI6: 件 | AK6: =SUM(AH5:AH6) -> 242 | AL6: 件
H7: 中 | J7: =ヒアーズミー!$F$5 -> 0 | P7: 低 | R7: =ヒアーズミー!$H$6 -> 0 | U7: 中 | W7: =IF(J7=0,"",R6/J7) | AK7: 進捗率
M8: NG | P8: 高 | R8: =ヒアーズミー!$I$4 -> 0 | AK8: =AH5/AH4 -> 1
H9: 低 | J9: =ヒアーズミー!$F$6 -> 0 | P9: 中 | R9: =ヒアーズミー!$I$5 -> 0 | U9: 低 | W9: =IF(J9=0,"",R7/J9)
P10: 低 | R10: =ヒアーズミー!$I$6 -> 0
B11: =RIGHT(CELL("filename",'管理ツール（IP制限機能）'!A2),LEN(CELL("filename",'管理ツール（IP制限機能）'!A2))-FIND("]",CELL("filename",'管理ツール（IP制限機能）'!A2))) -> 管理ツール（IP制限機能） | H11: 高 | J11: ='管理ツール（IP制限機能）'!$F$4 -> 103 | M11: OK | P11: 高 | R11: ='管理ツール（IP制限機能）'!H4 -> 103 | U11: 高 | W11: =IF(J11=0,"",R11/J11) -> 1 | Y11: =SUM(R11:T13)/SUM(J11:L16) -> 1 | AA11: =IF(Y11=100%,"完了","実施中") -> 完了
P12: 中 | R12: ='管理ツール（IP制限機能）'!H5 -> 0
H13: 中 | J13: ='管理ツール（IP制限機能）'!$F$5 -> 0 | P13: 低 | R13: ='管理ツール（IP制限機能）'!H6 -> 0 | U13: 中 | W13: =IF(J13=0,"",R12/J13)
M14: NG | P14: 高 | R14: ='管理ツール（IP制限機能）'!I4 -> 0
H15: 低 | J15: ='管理ツール（IP制限機能）'!$F$6 -> 0 | P15: 中 | R15: ='管理ツール（IP制限機能）'!I5 -> 0 | U15: 低 | W15: =IF(J15=0,"",R13/J15)
P16: 低 | R16: ='管理ツール（IP制限機能）'!I6 -> 0
B17: =RIGHT(CELL("filename",'管理ツール（ユーザ一括登録）'!A8),LEN(CELL("filename",'管理ツール（ユーザ一括登録）'!A8))-FIND("]",CELL("filename",'管理ツール（ユーザ一括登録）'!A8))) -> 管理ツール（ユーザ一括登録） | H17: 高 | J17: ='管理ツール（ユーザ一括登録）'!$F$4 -> 81 | M17: OK | P17: 高 | R17: ='管理ツール（ユーザ一括登録）'!$H$4 -> 81 | U17: 高 | W17: =IF(J17=0,"",R17/J17) -> 1 | Y17: =SUM(R17:T19)/SUM(J17:L22) -> 1 | AA17: =IF(Y17=100%,"完了","実施中") -> 完了
P18: 中 | R18: ='管理ツール（ユーザ一括登録）'!$H$5 -> 0
H19: 中 | J19: ='管理ツール（ユーザ一括登録）'!$F$5 -> 0 | P19: 低 | R19: ='管理ツール（ユーザ一括登録）'!$H$6 -> 0 | U19: 中 | W19: =IF(J19=0,"",R18/J19)
M20: NG | P20: 高 | R20: ='管理ツール（ユーザ一括登録）'!$I$4 -> 0
H21: 低 | J21: ='管理ツール（ユーザ一括登録）'!$F$6 -> 0 | P21: 中 | R21: ='管理ツール（ユーザ一括登録）'!$I$5 -> 0 | U21: 低 | W21: =IF(J21=0,"",R19/J21)
P22: 低 | R22: ='管理ツール（ユーザ一括登録）'!$I$6 -> 0
B23: =RIGHT(CELL("filename",アカウント作成ツール!A14),LEN(CELL("filename",アカウント作成ツール!A14))-FIND("]",CELL("filename",アカウント作成ツール!A14))) -> アカウント作成ツール | H23: 高 | J23: =アカウント作成ツール!$F$4 -> 8 | M23: OK | P23: 高 | R23: =アカウント作成ツール!$H$4 -> 8 | U23: 高 | W23: =IF(J23=0,"",R23/J23) -> 1 | Y23: =SUM(R23:T25)/SUM(J23:L28) -> 1 | AA23: =IF(Y23=100%,"完了","実施中") -> 完了
P24: 中 | R24: =アカウント作成ツール!$H$5 -> 0
H25: 中 | J25: =アカウント作成ツール!$F$5 -> 0 | P25: 低 | R25: =アカウント作成ツール!$H$6 -> 0 | U25: 中 | W25: =IF(J25=0,"",R24/J25)
M26: NG | P26: 高 | R26: =アカウント作成ツール!$I$4 -> 0
H27: 低 | J27: =アカウント作成ツール!$F$6 -> 0 | P27: 中 | R27: =アカウント作成ツール!$I$5 -> 0 | U27: 低 | W27: =IF(J27=0,"",R25/J27)
P28: 低 | R28: =アカウント作成ツール!$I$6 -> 0

Sheet ヒアーズミー
AB1: =SUM(H4,K4,N4,Q4,T4) -> 50
B2: システム名 | C2: ヒアーズミー(ver2.7) | D2: ■ヒアーズミーログイン画面(結合試験環境) | J2: 対象外数 | K2: =COUNTIF(J:J,"★") -> 0 | M2: 対象外数 | N2: =COUNTIF(M:M,"★") -> 0 | S2: 対象外数 | T2: =COUNTIF(S:S,"★") -> 0 | V2: 対象外数 | W2: =COUNTIF(V:V,"★") -> 0 | Y2: 対象外数 | Z2: =COUNTIF(Y:Y,"★") -> 0 | AB2: =SUM(H5,K5,N5,Q5,T5) -> 0
B3: 試験工程 | C3: 結合試験 | D3: https://heresme.micros-america.com/ | J3: 実施数 | K3: =SUM($F$4:$F$6)-K2 -> 50 | M3: 実施数 | N3: =SUM($F$4:$F$6)-N2 -> 50 | S3: 実施数 | T3: =SUM($F$4:$F$6)-T2 -> 50 | V3: 実施数 | W3: =SUM($F$4:$F$6)-W2 -> 50 | Y3: 実施数 | Z3: =SUM($F$4:$F$6)-Z2 -> 50 | AB3: =SUM(H6,K6,N6,Q6,T6) -> 0
B4: 試験項目名 | C4: ヒアーズミー | E4: 高 | F4: =COUNTIF($F$12:$F$212, "高") -> 50 | H4: =COUNTIFS($F12:$F212,"高",I12:I212,"OK")+COUNTIFS($F12:$F212,"高",I12:I212,"NG→OK") -> 50 | I4: =COUNTIFS($F12:$F212,"高",I12:I212,"NG") -> 0 | K4: =COUNTIFS($F12:$F212,"高",L12:L212,"OK") -> 0 | L4: =COUNTIFS($F12:$F212,"高",L12:L212,"NG") -> 0 | N4: =COUNTIFS($F12:$F212,"高",O12:O212,"OK")+COUNTIFS($F12:$F212,"高",O12:O212,"NG→OK") -> 0 | O4: =COUNTIFS($F12:$F212,"高",O12:O212,"NG") -> 0 | Q4: =COUNTIFS($F12:$F212,"高",R12:R212,"OK") -> 0 | R4: =COUNTIFS($F12:$F212,"高",R12:R212,"NG") -> 0 | T4: =COUNTIFS($F12:$F212,"高",U12:U212,"OK") -> 0 | U4: =COUNTIFS($F12:$F212,"高",U12:U212,"NG") -> 0 | W4: =COUNTIFS($F12:$F212,"高",X12:X212,"OK")+COUNTIFS($F12:$F212,"高",X12:X212,"NG→OK") -> 0 | X4: =COUNTIFS($F12:$F212,"高",X12:X212,"NG") -> 0 | Z4: =COUNTIFS($F12:$F212,"高",AA12:AA212,"OK") -> 0 | AA4: =COUNTIFS($F12:$F212,"高",AA12:AA212,"NG") -> 0 | AB4: =SUM(I4,L4,O4,R4,U4) -> 0
B5: 作成者 | C5: 神 洋子 | D5: ■試験実施バージョン | E5: 中 | F5: =COUNTIF($F$12:$F$212, "中") -> 0 | H5: =COUNTIFS($F12:$F212,"中",I12:I212,"OK") -> 0 | I5: =COUNTIFS($F12:$F212,"中",I12:I212,"NG") -> 0 | K5: =COUNTIFS($F12:$F212,"中",L12:L212,"OK") -> 0 | L5: =COUNTIFS($F12:$F212,"中",L12:L212,"NG") -> 0 | N5: =COUNTIFS($F12:$F212,"中",O12:O212,"OK")+COUNTIFS($F12:$F212,"中",O12:O212,"NG→OK") -> 0 | O5: =COUNTIFS($F12:$F212,"中",O12:O212,"NG") -> 0 | Q5: =COUNTIFS($F12:$F212,"中",R12:R212,"OK") -> 0 | R5: =COUNTIFS($F12:$F212,"中",R12:R212,"NG") -> 0 | T5: =COUNTIFS($F12:$F212,"中",U12:U212,"OK") -> 0 | U5: =COUNTIFS($F12:$F212,"中",U12:U212,"NG") -> 0 | W5: =COUNTIFS($F12:$F212,"中",X12:X212,"OK") -> 0 | X5: =COUNTIFS($F12:$F212,"中",X12:X212,"NG") -> 0 | Z5: =COUNTIFS($F12:$F212,"中",AA12:AA212,"OK") -> 0 | AA5: =COUNTIFS($F12:$F212,"中",AA12:AA212,"NG") -> 0 | AB5: =SUM(I5,L5,O5,R5,U5) -> 0
B6: 作成日 | C6: 44931 | D6: Chrome→★ 、 Firefox→★ | E6: 低 | F6: =COUNTIF($F$12:$F$212, "低") -> 0 | H6: =COUNTIFS($F12:$F212,"低",I12:I212,"OK") -> 0 | I6: =COUNTIFS($F12:$F212,"低",I12:I212,"NG") -> 0 | K6: =COUNTIFS($F12:$F212,"低",L12:L212,"OK") -> 0 | L6: =COUNTIFS($F12:$F212,"低",L12:L212,"NG") -> 0 | N6: =COUNTIFS($F12:$F212,"低",O12:O212,"OK") -> 0 | O6: =COUNTIFS($F12:$F212,"低",O12:O212,"NG") -> 0 | Q6: =COUNTIFS($F12:$F212,"低",R12:R212,"OK") -> 0 | R6: =COUNTIFS($F12:$F212,"低",R12:R212,"NG") -> 0 | T6: =COUNTIFS($F12:$F212,"低",U12:U212,"OK") -> 0 | U6: =COUNTIFS($F12:$F212,"低",U12:U212,"NG") -> 0 | W6: =COUNTIFS($F12:$F212,"低",X12:X212,"OK") -> 0 | X6: =COUNTIFS($F12:$F212,"低",X12:X212,"NG") -> 0 | Z6: =COUNTIFS($F12:$F212,"低",AA12:AA212,"OK") -> 0 | AA6: =COUNTIFS($F12:$F212,"低",AA12:AA212,"NG") -> 0 | AB6: =SUM(I6,L6,O6,R6,U6) -> 0
D7: IE→★ 、 Edge(chronium)→★
C8: 試験項目 | G8: Webブラウザ | V8: スマホアプリ
G9: Chrome | J9: Firefox | M9: edge(Chronium) | P9: edge(旧) | S9: IE | V9: Android | Y9: iOS
B10: No | C10: 試験条件 | D10: 試験手順 | E10: 確認内容 | F10: 優先度 | G10: 日付 | H10: 実施者 | I10: 結果 | J10: 日付 | K10: 実施者 | L10: 結果 | M10: 日付 | N10: 実施者 | O10: 結果 | P10: 日付 | Q10: 実施者 | R10: 結果 | S10: 日付 | T10: 実施者 | U10: 結果 | V10: 日付 | W10: 実施者 | X10: 結果 | Y10: 日付 | Z10: 実施者 | AA10: 結果
B11: 「データ（IP制限機能）」シート 【4】ログイン
B12: =IF($C$12:C12<>"",COUNTA($C$12:C12),"") -> 1 | C12: <PCブラウザ> クライアントバージョン：2.7.0 試験No1 ログイン方法→ID/パスワード入力 | D12: ① 「データ（IP制限機能）」シートの「実施条件」欄のDBデータを用意し、「リクエスト元IPアドレス」でヒアーズミーのログイン画面にアクセスする。 ② ログインアカウントを入力して「ログイン」ボタンをクリックする。 | E12: 「確認内容」の結果となることを確認する。 | F12: 高 | G12: 44942 | H12: 神(洋) | I12: OK
B13: =IF($C$12:C13<>"",COUNTA($C$12:C13),"") -> 2 | C13: <PCブラウザ> クライアントバージョン：2.7.0 試験No2 ログイン方法→ID/パスワード入力 | F13: 高 | G13: 44944 | H13: 神(洋) | I13: NG→OK
B14: =IF($C$12:C14<>"",COUNTA($C$12:C14),"") -> 3 | C14: <PCブラウザ> クライアントバージョン：2.7.0 試験No3 ログイン方法→ID/パスワード入力 | F14: 高 | G14: 44949 | H14: 神(洋) | I14: OK
B15: =IF($C$12:C15<>"",COUNTA($C$12:C15),"") -> 4 | C15: <PCブラウザ> クライアントバージョン：2.7.0 試験No4 ログイン方法→ID/パスワード入力 | F15: 高 | G15: 44949 | H15: 神(洋) | I15: OK
B16: =IF($C$12:C16<>"",COUNTA($C$12:C16),"") -> 5 | C16: <PCブラウザ> クライアントバージョン：2.7.0 試験No5 ログイン方法→ID/パスワード入力 | F16: 高 | G16: 44946 | H16: 神(洋) | I16: OK
B17: =IF($C$12:C17<>"",COUNTA($C$12:C17),"") -> 6 | C17: <PCブラウザ> クライアントバージョン：2.7.0 試験No6 ログイン方法→ID/パスワード入力 | F17: 高 | G17: 44946 | H17: 神(洋) | I17: OK
B18: =IF($C$12:C18<>"",COUNTA($C$12:C18),"") -> 7 | C18: <PCブラウザ> クライアントバージョン：2.7.0 試験No7 ログイン方法→ID/パスワード入力 | F18: 高 | G18: 44946 | H18: 神(洋) | I18: OK
B19: =IF($C$12:C19<>"",COUNTA($C$12:C19),"") -> 8 | C19: <PCブラウザ> クライアントバージョン：2.7.0 試験No8 ログイン方法→ID/パスワード入力 | F19: 高 | G19: 44946 | H19: 神(洋) | I19: OK
B20: =IF($C$12:C20<>"",COUNTA($C$12:C20),"") -> 9 | C20: <PCブラウザ> クライアントバージョン：2.7.0 試験No9 ログイン方法→ID/パスワード入力 | F20: 高 | G20: 44946 | H20: 神(洋) | I20: NG→OK
B21: =IF($C$12:C21<>"",COUNTA($C$12:C21),"") -> 10 | C21: <PCブラウザ> クライアントバージョン：2.7.0 試験No10 ログイン方法→ID/パスワード入力 | F21: 高 | G21: 44949 | H21: 神(洋) | I21: OK
B22: =IF($C$12:C22<>"",COUNTA($C$12:C22),"") -> 11 | C22: <PCブラウザ> クライアントバージョン：2.7.0 試験No11 ログイン方法→ID/パスワード入力 | F22: 高 | G22: 44949 | H22: 神(洋) | I22: OK
B23: =IF($C$12:C23<>"",COUNTA($C$12:C23),"") -> 12 | C23: <PCブラウザ> クライアントバージョン：2.7.0 試験No12 ログイン方法→ID/パスワード入力 | F23: 高 | G23: 44949 | H23: 神(洋) | I23: OK
B24: =IF($C$12:C24<>"",COUNTA($C$12:C24),"") -> 13 | C24: <PCブラウザ> クライアントバージョン：2.7.0 試験No13 ログイン方法→ID/パスワード入力 | F24: 高 | G24: 44949 | H24: 神(洋) | I24: OK
... B31: =IF($C$12:C31<>"",COUNTA($C$12:C31),"") -> 20 | C31: <PCブラウザ> クライアントバージョン：2.7.0 試験No20 ログイン方法→ID/パスワード入力 | F31: 高 | G31: 44949 | H31: 神(洋) | I31: OK
B32: =IF($C$12:C32<>"",COUNTA($C$12:C32),"") -> 21 | C32: <PCブラウザ（トークン）> クライアントバージョン：2.7.0 試験No1 ログイン方法→トークン | E32: メイン画面に遷移すること。 | F32: 高 | G32: 44942 | H32: 神(洋) | I32: OK
B33: =IF($C$12:C33<>"",COUNTA($C$12:C33),"") -> 22 | C33: <PCブラウザ（トークン）> クライアントバージョン：2.7.0 試験No2 ログイン方法→トークン | E33: メイン画面に遷移すること。 | F33: 高 | G33: 44949 | H33: 神(洋) | I33: OK
B34: =IF($C$12:C34<>"",COUNTA($C$12:C34),"") -> 23 | C34: <PCブラウザ（トークン）> クライアントバージョン：2.7.0 試験No12 ログイン方法→トークン | E34: エラーメッセージが表示され、メイン画面に遷移しないこと。 （メッセージからIP制限でエラーとなって事が分かるかどうか確認する） | F34: 高 | G34: 44949 | H34: 神(洋) | I34: OK
B35: =IF($C$12:C35<>"",COUNTA($C$12:C35),"") -> 24 | C35: <PCブラウザ（旧バージョン）> クライアントバージョン：2.6.3 試験No1 ログイン方法→任意 | E35: メイン画面に遷移すること。 | F35: 高 | G35: 44943 | H35: 神(洋) | I35: OK
B36: =IF($C$12:C36<>"",COUNTA($C$12:C36),"") -> 25 | C36: <PCブラウザ（旧バージョン）> クライアントバージョン：2.6.3 試験No2 ログイン方法→任意 | E36: メイン画面に遷移すること。 | F36: 高 | G36: 44943 | H36: 神(洋) | I36: OK
B37: =IF($C$12:C37<>"",COUNTA($C$12:C37),"") -> 26 | C37: <PCブラウザ（旧バージョン）> クライアントバージョン：2.6.3 試験No12 ログイン方法→任意 | E37: エラーメッセージが表示され、メイン画面に遷移しないこと。 （メッセージからIP制限でエラーとなって事が分かるかどうか確認する） | F37: 高 | G37: 44949 | H37: 神(洋) | I37: OK
B38: =IF($C$12:C38<>"",COUNTA($C$12:C38),"") -> 27 | C38: <Androidアプリ> クライアントバージョン：2.7.0 試験No1 ログイン方法→ID/パスワード | E38: メイン画面に遷移すること。 | F38: 高 | G38: 44949 | H38: 神(洋) | I38: OK
B39: =IF($C$12:C39<>"",COUNTA($C$12:C39),"") -> 28 | C39: <Androidアプリ> クライアントバージョン：2.7.0 試験No2 ログイン方法→ID/パスワード | E39: メイン画面に遷移すること。 | F39: 高 | G39: 44949 | H39: 神(洋) | I39: OK
B40: =IF($C$12:C40<>"",COUNTA($C$12:C40),"") -> 29 | C40: <Androidアプリ> クライアントバージョン：2.7.0 試験No12 ログイン方法→ID/パスワード | E40: IP制限エラーのメッセージが表示され、メイン画面に遷移しないこと。 | F40: 高 | G40: 44949 | H40: 神(洋) | I40: OK
B41: =IF($C$12:C41<>"",COUNTA($C$12:C41),"") -> 30 | C41: <Androidアプリ(トークン)> クライアントバージョン：2.7.0 試験No1 ログイン方法→トークン | E41: メイン画面に遷移すること。 | F41: 高 | G41: 44949 | H41: 神(洋) | I41: OK
B42: =IF($C$12:C42<>"",COUNTA($C$12:C42),"") -> 31 | C42: <Androidアプリ(トークン)> クライアントバージョン：2.7.0 試験No2 ログイン方法→トークン | E42: メイン画面に遷移すること。 | F42: 高 | G42: 44949 | H42: 神(洋) | I42: OK
B43: =IF($C$12:C43<>"",COUNTA($C$12:C43),"") -> 32 | C43: <Androidアプリ(トークン)> クライアントバージョン：2.7.0 試験No12 ログイン方法→トークン | E43: IP制限エラーのメッセージが表示され、メイン画面に遷移しないこと。 | F43: 高 | G43: 44949 | H43: 神(洋) | I43: OK
... B52: =IF($C$12:C52<>"",COUNTA($C$12:C52),"") -> 41 | C52: <iOSアプリ（旧バージョン）> クライアントバージョン：2.6.3 試験No12 ログイン方法→任意 | E52: エラーメッセージが表示され、メイン画面に遷移しないこと。 （メッセージからIP制限でエラーとなって事が分かるかどうか確認する） | F52: 高 | G52: 44950 | H52: 神(洋) | I52: OK
B53: =IF($C$12:C53<>"",COUNTA($C$12:C53),"")
B54: バージョンチェック
B55: =IF($C$12:C55<>"",COUNTA($C$12:C55),"") -> 42 | C55: <PCブラウザ> クライアントバージョン：2.7 サーババージョン：2.7 | D55: ① ヒアーズミーのログイン画面にアクセスし、ログインアカウント入力フォームの下部に表示されるバージョンが「試験条件」欄となっていることを確認する。 ② 任意のアカウントでログインする。 | E55: メイン画面に遷移することを確認する。 | F55: 高 | G55: 44949 | H55: 神(洋) | I55: OK
B56: =IF($C$12:C56<>"",COUNTA($C$12:C56),"") -> 43 | C56: <PCブラウザ> クライアントバージョン：2.6.3 サーババージョン：2.7 | E56: メイン画面に遷移することを確認する。 | F56: 高 | G56: 44949 | H56: 神(洋) | I56: OK
B57: =IF($C$12:C57<>"",COUNTA($C$12:C57),"") -> 44 | C57: <PCブラウザ> クライアントバージョン：2.6.2 サーババージョン：2.7 | E57: バージョンエラーのメッセージが表示され、メイン画面に遷移しないことを確認する。 | F57: 高 | G57: 44949 | H57: 神(洋) | I57: OK
B58: =IF($C$12:C58<>"",COUNTA($C$12:C58),"") -> 45 | C58: <Androidアプリ> クライアントバージョン：2.7 サーババージョン：2.7 | D58: ① ヒアーズミーアプリを起動し、ログインアカウント入力フォームの下部に表示されるバージョンが「試験条件」欄となっていることを確認する。 ② 任意のアカウントでログインする。 | E58: メイン画面に遷移することを確認する。 | F58: 高 | G58: 44950 | H58: 神(洋) | I58: OK
B59: =IF($C$12:C59<>"",COUNTA($C$12:C59),"") -> 46 | C59: <Androidアプリ> クライアントバージョン：2.6.3 サーババージョン：2.7 | E59: メイン画面に遷移することを確認する。 | F59: 高 | G59: 44950 | H59: 神(洋) | I59: OK
B60: =IF($C$12:C60<>"",COUNTA($C$12:C60),"") -> 47 | C60: <Androidアプリ> クライアントバージョン：2.6.2 サーババージョン：2.7 | E60: バージョンエラーのメッセージが表示され、メイン画面に遷移しないことを確認する。 | F60: 高 | G60: 44950 | H60: 神(洋) | I60: OK
B61: =IF($C$12:C61<>"",COUNTA($C$12:C61),"") -> 48 | C61: <iOSアプリ> クライアントバージョン：2.7 サーババージョン：2.7 | D61: ① ヒアーズミーアプリを起動し、ログインアカウント入力フォームの下部に表示されるバージョンが「試験条件」欄となっていることを確認する。 ② 任意のアカウントでログインする。 | E61: メイン画面に遷移することを確認する。 | F61: 高 | G61: 44950 | H61: 神(洋) | I61: OK
B62: =IF($C$12:C62<>"",COUNTA($C$12:C62),"") -> 49 | C62: <iOSアプリ> クライアントバージョン：2.6.3 サーババージョン：2.7 | E62: メイン画面に遷移することを確認する。 | F62: 高 | G62: 44950 | H62: 神(洋) | I62: OK
B63: =IF($C$12:C63<>"",COUNTA($C$12:C63),"") -> 50 | C63: <iOSアプリ> クライアントバージョン：2.6.2 サーババージョン：2.7 | E63: バージョンエラーのメッセージが表示され、メイン画面に遷移しないことを確認する。 | F63: 高 | G63: 44950 | H63: 神(洋) | I63: OK
B64: =IF($C$12:C64<>"",COUNTA($C$12:C64),"")
B65: =IF($C$12:C65<>"",COUNTA($C$12:C65),"")
B66: =IF($C$12:C66<>"",COUNTA($C$12:C66),"")
B67: =IF($C$12:C67<>"",COUNTA($C$12:C67),"")

Sheet 管理ツール（IP制限機能）
V1: =SUM(H4,K4,N4,Q4,T4) -> 103
B2: システム名 | C2: ヒアーズミー(ver2.7) | D2: ■Here's Meログイン画面(結合試験環境) | J2: 対象外数 | K2: =COUNTIF(J:J,"★") -> 0 | M2: 対象外数 | N2: =COUNTIF(M:M,"★") -> 0 | S2: 対象外数 | T2: =COUNTIF(S:S,"★") -> 0 | V2: =SUM(H5,K5,N5,Q5,T5) -> 0
B3: 試験工程 | C3: 結合試験 | D3: https://heresme.micros-america.com/ | J3: 実施数 | K3: =SUM($F$4:$F$6)-K2 -> 103 | M3: 実施数 | N3: =SUM($F$4:$F$6)-N2 -> 103 | S3: 実施数 | T3: =SUM($F$4:$F$6)-T2 -> 103 | V3: =SUM(H6,K6,N6,Q6,T6) -> 0
B4: 試験項目名 | C4: 管理ツール | E4: 高 | F4: =COUNTIF($F$12:$F$282, "高") -> 103 | H4: =COUNTIFS($F12:$F282,"高",I12:I282,"OK")+COUNTIFS($F12:$F282,"高",I12:I282,"NG→OK") -> 103 | I4: =COUNTIFS($F12:$F282,"高",I12:I282,"NG") -> 0 | K4: =COUNTIFS($F12:$F282,"高",L12:L282,"OK") -> 0 | L4: =COUNTIFS($F12:$F282,"高",L12:L282,"NG") -> 0 | N4: =COUNTIFS($F12:$F282,"高",O12:O282,"OK")+COUNTIFS($F12:$F282,"高",O12:O282,"NG→OK") -> 0 | O4: =COUNTIFS($F12:$F282,"高",O12:O282,"NG") -> 0 | Q4: =COUNTIFS($F12:$F282,"高",R12:R282,"OK") -> 0 | R4: =COUNTIFS($F12:$F282,"高",R12:R282,"NG") -> 0 | T4: =COUNTIFS($F12:$F282,"高",U12:U282,"OK") -> 0 | U4: =COUNTIFS($F12:$F282,"高",U12:U282,"NG") -> 0 | V4: =SUM(I4,L4,O4,R4,U4) -> 0
B5: 作成者 | C5: 神 洋子 | D5: ■試験実施バージョン | E5: 中 | F5: =COUNTIF($F$12:$F$282, "中") -> 0 | H5: =COUNTIFS($F12:$F282,"中",I12:I282,"OK") -> 0 | I5: =COUNTIFS($F12:$F282,"中",I12:I282,"NG") -> 0 | K5: =COUNTIFS($F12:$F282,"中",L12:L282,"OK") -> 0 | L5: =COUNTIFS($F12:$F282,"中",L12:L282,"NG") -> 0 | N5: =COUNTIFS($F12:$F282,"中",O12:O282,"OK")+COUNTIFS($F12:$F282,"中",O12:O282,"NG→OK") -> 0 | O5: =COUNTIFS($F12:$F282,"中",O12:O282,"NG") -> 0 | Q5: =COUNTIFS($F12:$F282,"中",R12:R282,"OK") -> 0 | R5: =COUNTIFS($F12:$F282,"中",R12:R282,"NG") -> 0 | T5: =COUNTIFS($F12:$F282,"中",U12:U282,"OK") -> 0 | U5: =COUNTIFS($F12:$F282,"中",U12:U282,"NG") -> 0 | V5: =SUM(I5,L5,O5,R5,U5) -> 0
B6: 作成日 | C6: 44936 | D6: Chrome→★ 、 Firefox→★ | E6: 低 | F6: =COUNTIF($F$12:$F$282, "低") -> 0 | H6: =COUNTIFS($F12:$F282,"低",I12:I282,"OK") -> 0 | I6: =COUNTIFS($F12:$F282,"低",I12:I282,"NG") -> 0 | K6: =COUNTIFS($F12:$F282,"低",L12:L282,"OK") -> 0 | L6: =COUNTIFS($F12:$F282,"低",L12:L282,"NG") -> 0 | N6: =COUNTIFS($F12:$F282,"低",O12:O282,"OK") -> 0 | O6: =COUNTIFS($F12:$F282,"低",O12:O282,"NG") -> 0 | Q6: =COUNTIFS($F12:$F282,"低",R12:R282,"OK") -> 0 | R6: =COUNTIFS($F12:$F282,"低",R12:R282,"NG") -> 0 | T6: =COUNTIFS($F12:$F282,"低",U12:U282,"OK") -> 0 | U6: =COUNTIFS($F12:$F282,"低",U12:U282,"NG") -> 0 | V6: =SUM(I6,L6,O6,R6,U6) -> 0
D7: IE→★ 、 Edge(chronium)→★
C8: 試験項目 | G8: Webブラウザ
G9: １回目（Chrome） | J9: Firefox | M9: edge(Chronium) | P9: edge(旧) | S9: IE
B10: No | C10: 試験条件 | D10: 試験手順 | E10: 確認内容 | F10: 優先度 | G10: 日付 | H10: 実施者 | I10: 結果 | J10: 日付 | K10: 実施者 | L10: 結果 | M10: 日付 | N10: 実施者 | O10: 結果 | P10: 日付 | Q10: 実施者 | R10: 結果 | S10: 日付 | T10: 実施者 | U10: 結果
B11: メニュー
B12: =IF($C$12:C12<>"",COUNTA($C$12:C12),"") -> 1 | C12: メニュー「ユーザ管理」 | D12: ① ヒアーズミー管理ツールにログインする。 ② 試験条件のメニューをクリックする。 | E12: 試験条件の画面が表示され、メニュー見出し「設定」の中に「セキュリティ」が存在していることを確認する。 | F12: 高 | G12: 44943 | H12: 神(洋) | I12: OK
B13: =IF($C$12:C13<>"",COUNTA($C$12:C13),"") -> 2 | C13: メニュー「一括登録」 | F13: 高 | G13: 44943 | H13: 神(洋) | I13: OK
B14: =IF($C$12:C14<>"",COUNTA($C$12:C14),"") -> 3 | C14: メニュー「拠点」 | F14: 高 | G14: 44943 | H14: 神(洋) | I14: OK
B15: =IF($C$12:C15<>"",COUNTA($C$12:C15),"") -> 4 | C15: メニュー「所属」 | F15: 高 | G15: 44943 | H15: 神(洋) | I15: OK
B16: =IF($C$12:C16<>"",COUNTA($C$12:C16),"") -> 5 | C16: メニュー「役職」 | F16: 高 | G16: 44943 | H16: 神(洋) | I16: OK
B17: =IF($C$12:C17<>"",COUNTA($C$12:C17),"") -> 6 | C17: メニュー「行先」 | F17: 高 | G17: 44943 | H17: 神(洋) | I17: OK
B18: =IF($C$12:C18<>"",COUNTA($C$12:C18),"") -> 7 | C18: メニュー「状態」 | F18: 高 | G18: 44943 | H18: 神(洋) | I18: OK
B19: =IF($C$12:C19<>"",COUNTA($C$12:C19),"") -> 8 | C19: メニュー「勤怠データ」 | F19: 高 | G19: 44943 | H19: 神(洋) | I19: OK
B20: =IF($C$12:C20<>"",COUNTA($C$12:C20),"") -> 9 | C20: メニュー「管理アカウント」 | F20: 高 | G20: 44943 | H20: 神(洋) | I20: OK
B21: =IF($C$12:C21<>"",COUNTA($C$12:C21),"") -> 10 | C21: メニュー「セキュリティ」 | F21: 高 | G21: 44943 | H21: 神(洋) | I21: OK
B22: =IF($C$12:C22<>"",COUNTA($C$12:C22),"") -> 11 | C22: メニュー「導入手順書」 | E22: 導入手順書をダウンロードできることを確認する。 | F22: 高 | G22: 44943 | H22: 神(洋) | I22: OK
B23: =IF($C$12:C23<>"",COUNTA($C$12:C23),"")
B24: 「セキュリティ」画面 表示・操作
B25: =IF($C$12:C25<>"",COUNTA($C$12:C25),"") -> 12 | C25: リクエスト元IPアドレス表示 | D25: ① ヒアーズミー管理ツールの「セキュリティ」画面を開く。 | E25: 見出し「IPアドレス制限」の右側に、リクエスト元IPアドレスが表示されていることを確認する。 ※リクエスト元IPアドレスは以下のページで確認 https://www.cman.jp/network/support/go_access.cgi | F25: 高 | G25: 44943 | H25: 神(洋) | I25: OK
B26: =IF($C$12:C26<>"",COUNTA($C$12:C26),"") -> 13 | C26: 「ヒアーズミーにアクセスするIPアドレスを制限」チェックボックス操作 | D26: ① ヒアーズミー管理ツールの「セキュリティ」画面を開く。 ② 「ヒアーズミーにアクセスするIPアドレスを制限」チェックボックスのON/OFFを切り替える。 | E26: チェックボックスをONにすると、「許可するIPアドレス」入力フォームが入力可能となり、OFFにすると入力フォームが入力不可（グレー）になることを確認。 | F26: 高 | G26: 44943 | H26: 神(洋) | I26: OK
B27: =IF($C$12:C27<>"",COUNTA($C$12:C27),"") -> 14 | C27: 「許可するIPアドレス」リスト ×ボタン操作 | D27: ① ヒアーズミー管理ツールの「セキュリティ」画面を開く。 ② 「許可するIPアドレスリスト」で、IPアドレス・名称が入力されている行の×ボタンをクリックする。 | E27: ×ボタンをクリックした行のIPアドレス・名称欄がクリアされることを確認。 | F27: 高 | G27: 44943 | H27: 神(洋) | I27: OK
B28: =IF($C$12:C28<>"",COUNTA($C$12:C28),"") -> 15 | C28: 「許可するIPアドレス」リスト ×ボタン操作 | D28: ① ヒアーズミー管理ツールの「セキュリティ」画面を開く。 ② 「許可するIPアドレスリスト」で、IPアドレスのみが入力されている行の×ボタンをクリックする。 | E28: ×ボタンをクリックした行のIPアドレス・名称欄がクリアされることを確認。 | F28: 高 | G28: 44943 | H28: 神(洋) | I28: OK
B29: =IF($C$12:C29<>"",COUNTA($C$12:C29),"") -> 16 | C29: 「許可するIPアドレス」リスト ×ボタン操作 | D29: ① ヒアーズミー管理ツールの「セキュリティ」画面を開く。 ② 「許可するIPアドレスリスト」で、名称のみが入力されている行の×ボタンをクリックする。 | E29: ×ボタンをクリックした行のIPアドレス・名称欄がクリアされることを確認。 | F29: 高 | G29: 44943 | H29: 神(洋) | I29: OK
B30: =IF($C$12:C30<>"",COUNTA($C$12:C30),"") -> 17 | C30: 「許可するIPアドレス」リスト 「＋」(追加)ボタン操作 （IP設定可能数：20） | D30: ① ヒアーズミー管理ツールの「セキュリティ」画面を開く。 ② 「許可するIPアドレスリスト」が19個以下の状態で「＋」(追加)ボタンを１回クリックする。 | E30: リストの最後尾に空き行が１行追加されることを確認。 行頭の番号は、追加前の最後尾の番号＋１であること。 | F30: 高 | G30: 44943 | H30: 神(洋) | I30: OK
B31: =IF($C$12:C31<>"",COUNTA($C$12:C31),"") -> 18 | C31: 「許可するIPアドレス」リスト 「＋」(追加)ボタン操作 （IP設定可能数：20） | D31: ① ヒアーズミー管理ツールの「セキュリティ」画面を開く。 ② 「許可するIPアドレスリスト」が20個の状態で「＋」(追加)ボタンを１回クリックする。 | E31: 行追加できない旨のメッセージが表示され、リストの最後尾に空き行が追加されないことを確認。 | F31: 高 | G31: 44943 | H31: 神(洋) | I31: OK
B32: =IF($C$12:C32<>"",COUNTA($C$12:C32),"") -> 19 | C32: 「許可するIPアドレス」リスト 「＋」(追加)ボタン操作 （IP設定可能数：10） ※レビュー指摘で追加 | D32: ① ヒアーズミー管理ツールの「セキュリティ」画面を開く。 ② 「＋」(追加)ボタンをクリックし、空き行含めて10行まで増やす。 ③ 10行の状態からさらに「＋」(追加)ボタンをクリックする。 | E32: 行追加できない旨のメッセージが表示され、リストの最後尾に空き行が追加されないことを確認。 | F32: 高 | G32: 44943 | H32: 神(洋) | I32: OK
B33: =IF($C$12:C33<>"",COUNTA($C$12:C33),"") -> 20 | C33: 「許可するIPアドレス」リスト 「＋」(追加)ボタン操作 （IP設定可能数：30） ※レビュー指摘で追加 | D33: ① ヒアーズミー管理ツールの「セキュリティ」画面を開く。 ② 「＋」(追加)ボタンをクリックし、空き行含めて30行まで増やす。 ③ 30行の状態からさらに「＋」(追加)ボタンをクリックする。 | E33: 行追加できない旨のメッセージが表示され、リストの最後尾に空き行が追加されないことを確認。 | F33: 高 | G33: 44943 | H33: 神(洋) | I33: OK
B34: =IF($C$12:C34<>"",COUNTA($C$12:C34),"") -> 21 | C34: サーバ保存確認ダイアログ | D34: ① ヒアーズミー管理ツールの「セキュリティ」画面を開く。 ② 「許可するIPアドレス」をエラーにならないように変更し、「サーバ保存」ボタンをクリックする。 | E34: サーバ保存確認ダイアログが表示されることを確認。 ---------- IPアドレス制限設定を保存します。よろしいですか？ ※チェックを外した場合、以前設定したIPアドレスリストは削除されます。 「OK」「キャンセル」 | F34: 高 | G34: 44943 | H34: 神(洋) | I34: OK
B35: =IF($C$12:C35<>"",COUNTA($C$12:C35),"") -> 22 | C35: サーバ保存確認ダイアログ | D35: ① サーバ保存確認ダイアログを表示する。 ② サーバ保存確認ダイアログの「OK」ボタンをクリックする。 | E35: サーバ保存確認ダイアログが閉じ、サーバ保存完了ダイアログが表示されることを確認。 変更内容がDBに反映されていることを確認。 ---------- 保存しました。 「OK」 | F35: 高 | G35: 44943 | H35: 神(洋) | I35: OK
B36: =IF($C$12:C36<>"",COUNTA($C$12:C36),"") -> 23 | C36: サーバ保存確認ダイアログ | D36: ① サーバ保存確認ダイアログを表示する。 ② サーバ保存確認ダイアログの「キャンセル」ボタンをクリックする。 | E36: サーバ保存確認ダイアログが閉じることを確認。 DBに変更がないことを確認。 | F36: 高 | G36: 44943 | H36: 神(洋) | I36: OK
... B42: =IF($C$12:C42<>"",COUNTA($C$12:C42),"") -> 29 | C42: 変更を保存せず別画面へ | D42: ① ヒアーズミー管理ツールの「セキュリティ」画面を開く。 ② 設定内容を任意で変更し、サーバ保存しないまま別画面のメニューをクリックする。 | E42: 保存未完了のメッセージ（ブラウザのメッセージ）が表示されることを確認。 | F42: 高 | G42: 44943 | H42: 神(洋) | I42: OK
B43: =IF($C$12:C43<>"",COUNTA($C$12:C43),"")
B44: サーバ結果正常以外
B45: =IF($C$12:C45<>"",COUNTA($C$12:C45),"") -> 30 | C45: IP制限設定取得 （コマンド：REQ_SEL_IPMNG） | D45: ① DBテーブル「iw_ipmanagetbl」のデータのうち、ログインする企業の「company_id」の値を変更する。 ② ヒアーズミー管理ツールにログインする。 ③ ヒアーズミー管理ツールの「セキュリティ」画面を開く。 | E45: ②実施後、正常にログインでいることを確認する。（ip_managetblのデータがないのは、ログイン時にはIP制限なしとみなす） ③実施後、サーバ処理エラーのアラートが表示されることを確認。 ------- サーバ処理でエラーが発生しました。 (REQ_SEL_IPMNG/エラーコード) | F45: 高 | G45: 44949 | H45: 神(洋) | I45: OK
B46: =IF($C$12:C46<>"",COUNTA($C$12:C46),"") -> 31 | C46: IP制限設定取得 （コマンド：REQ_SEL_IPMNG） | D46: ① ヒアーズミー管理ツールにログイン後、サーバAPIを停止する。 ② 「セキュリティ」画面を開く。 | E46: サーバ通信エラーのアラートが表示されることを確認。 ------- サーバとの接続でエラーが発生しました (REQ_SEL_IPMNG/エラー情報) 動的プロジェクトのため、メニューをクリックした時点で開こうとしたhtmlファイルが見えなくなるため、サーバアクセスする前にHTTPエラーになる
B47: =IF($C$12:C47<>"",COUNTA($C$12:C47),"") -> 32 | C47: IPリスト保存前チェック （コマンド：REQ_UPD_IPMNG_PRECHECK） | D47: ① ヒアーズミー管理ツールの「セキュリティ」画面を開く。 ② DBテーブル「iw_ipmanagetbl」のデータのうち、ログイン中の企業の「company_id」の値を変更する。 ③ 「サーバ保存」ボタンをクリックする。 | E47: エラーダイアログが表示されることを確認。 ---------- データが見つかりませんでした。 再ログインしてください。 「OK」 DBアクセスしないため実施不要
B48: =IF($C$12:C48<>"",COUNTA($C$12:C48),"") -> 33 | C48: IPリスト保存前チェック （コマンド：REQ_UPD_IPMNG_PRECHECK） | D48: ① ヒアーズミー管理ツールの「セキュリティ」画面を開く。 ② DBテーブル「iw_ipmanagetbl」をリネームする。 ③ 「サーバ保存」ボタンをクリックする。 | E48: サーバ処理エラーのアラートが表示されることを確認。 ------- サーバ処理でエラーが発生しました。 (REQ_UPD_IPMNG_PRECHECK/エラーコード) DBアクセスしないため実施不要
B49: =IF($C$12:C49<>"",COUNTA($C$12:C49),"") -> 34 | C49: IPリスト保存前チェック （コマンド：REQ_UPD_IPMNG_PRECHECK） | D49: ① ヒアーズミー管理ツールの「セキュリティ」画面を開く。 ② サーバAPIを停止する。 ③ 「サーバ保存」ボタンをクリックする。 | E49: サーバ通信エラーのアラートが表示されることを確認。 ------- サーバとの接続でエラーが発生しました (REQ_UPD_IPMNG_PRECHECK/エラー情報) | F49: 高 | G49: 44949 | H49: 神(洋) | I49: OK
B50: =IF($C$12:C50<>"",COUNTA($C$12:C50),"") -> 35 | C50: IP制限設定保存 （コマンド：REQ_UPD_IPMNG） | D50: ① ヒアーズミー管理ツールの「セキュリティ」画面の「サーバ保存」ボタンをクリックし、サーバ保存確認ダイアログを表示する。 ② DBテーブル「iw_ipmanagetbl」のデータのうち、ログイン中の企業の「company_id」の値を変更する。 ③ サーバ保存確認ダイアログの「OK」ボタンをクリックする。 | E50: エラーダイアログが表示されることを確認。 ---------- データが見つかりませんでした。 再ログインしてください。 「OK」 | F50: 高 | G50: 44949 | H50: 神(洋) | I50: OK
B51: =IF($C$12:C51<>"",COUNTA($C$12:C51),"") -> 36 | C51: IP制限設定保存 （コマンド：REQ_UPD_IPMNG） | D51: ① ヒアーズミー管理ツールの「セキュリティ」画面で「サーバ保存」ボタンをクリックし、サーバ保存確認ダイアログを表示する。 ② DBテーブル「iw_ipmanagetbl」のデータのうち、ログイン中の企業の「ip_max_num」の値を、①で設定した許可IPリスト数未満に変更する。 ③ サーバ保存確認ダイアログの「OK」ボタンをクリックする。 | E51: エラーダイアログが表示されることを確認。 ---------- IPアドレス設定可能数を超過するため、 保存できません。 「OK」 | F51: 高 | G51: 44949 | H51: 神(洋) | I51: OK
B52: =IF($C$12:C52<>"",COUNTA($C$12:C52),"") -> 37 | C52: IP制限設定保存 （コマンド：REQ_UPD_IPMNG） | D52: ① ヒアーズミー管理ツールの「セキュリティ」画面で「サーバ保存」ボタンをクリックし、サーバ保存確認ダイアログを表示する。 ② DBテーブル「iw_ipmanagetbl」をリネームする。 ③ サーバ保存確認ダイアログの「OK」ボタンをクリックする。 | E52: サーバ処理エラーのアラートが表示されることを確認。 ------- サーバ処理でエラーが発生しました。 (REQ_UPD_IPMNG/エラーコード) | F52: 高 | G52: 44949 | H52: 神(洋) | I52: OK
B53: =IF($C$12:C53<>"",COUNTA($C$12:C53),"") -> 38 | C53: IP制限設定保存 （コマンド：REQ_UPD_IPMNG） | D53: ① ヒアーズミー管理ツールの「セキュリティ」画面で「サーバ保存」ボタンをクリックし、サーバ保存確認ダイアログを表示する。 ② サーバAPIを停止する。 ③ サーバ保存確認ダイアログの「OK」ボタンをクリックする。 | E53: サーバ通信エラーのアラートが表示されることを確認。 ------- サーバとの接続でエラーが発生しました (REQ_UPD_IPMNG/エラー情報) | F53: 高 | G53: 44949 | H53: 神(洋) | I53: OK
B54: =IF($C$12:C54<>"",COUNTA($C$12:C54),"") -> 39 | C54: ログイン （コマンド：REQ_LOGIN_CHECK） | D54: ① DBテーブル「iw_ipmanagetbl」をリネームする。 ② 管理ツールログイン画面にて、ログイン可能なログインアカウントを入力し、「LOGIN」ボタンをクリックする。 | E54: サーバ処理エラーのアラートが表示されることを確認。 ------- サーバ処理でエラーが発生しました。 (REQ_LOGIN_CHECK/エラーコード) | F54: 高 | G54: 44949 | H54: 神(洋) | I54: OK
B55: =IF($C$12:C55<>"",COUNTA($C$12:C55),"") -> 40 | C55: ログイン （コマンド：REQ_LOGIN_CHECK） | D55: ① サーバAPIを停止する。 ② 管理ツールログイン画面にて、ログイン可能なログインアカウントを入力し、「LOGIN」ボタンをクリックする。 | E55: サーバ通信エラーのアラートが表示されることを確認。 ------- サーバとの接続でエラーが発生しました (REQ_LOGIN_CHECK/エラー情報) | F55: 高 | G55: 44949 | H55: 神(洋) | I55: OK
B56: =IF($C$12:C56<>"",COUNTA($C$12:C56),"")
B57: 「データ（IP制限機能）」シート 【1】表示 | G57: 「oldデータ（IP制限機能）」シート
B58: =IF($C$12:C58<>"",COUNTA($C$12:C58),"") -> 41 | C58: 「IP制限機能」シート 【1】表示 試験No1 | D58: ① 「データ（IP制限機能）」シートの「実施条件」欄のDBデータを用意し、「リクエスト元IPアドレス」でヒアーズミ管理ツールーにログインする。 ② メニュー「セキュリティ」をクリックする。 | E58: セキュリティ画面が、「確認内容」のとおり表示されていることを確認する。 | F58: 高 | G58: 44942 | H58: 神(洋) | I58: OK
B59: =IF($C$12:C59<>"",COUNTA($C$12:C59),"") -> 42 | C59: 「IP制限機能」シート 【1】表示 試験No2 | F59: 高 | G59: 44944 | H59: 神(洋) | I59: OK
B60: =IF($C$12:C60<>"",COUNTA($C$12:C60),"") -> 43 | C60: 「IP制限機能」シート 【1】表示 試験No3 | F60: 高 | G60: 44946 | H60: 神(洋) | I60: OK
B61: =IF($C$12:C61<>"",COUNTA($C$12:C61),"") -> 44 | C61: 「IP制限機能」シート 【1】表示 試験No4 | F61: 高 | G61: 44946 | H61: 神(洋) | I61: NG→OK
B62: =IF($C$12:C62<>"",COUNTA($C$12:C62),"")
B63: 「データ（IP制限機能）」シート 【2】入力チェック
B64: =IF($C$12:C64<>"",COUNTA($C$12:C64),"") -> 45 | C64: 「データ（IP制限機能）」シート 【2】入力チェック 試験No1 | D64: ① 「データ（IP制限機能）」シートの「実施前」欄のデータを用意し、「リクエスト元IPアドレス」でヒアーズミー管理ツールの「セキュリティ」画面を開く。 ② 「入力値」となるように変更し、「サーバ保存」ボタンをクリックする。 | E64: 「「サーバ保存」ボタンクリック後」欄の結果となることを確認する。 | F64: 高 | G64: 44943 | H64: 神(洋) | I64: OK
B65: =IF($C$12:C65<>"",COUNTA($C$12:C65),"") -> 46 | C65: 「データ（IP制限機能）」シート 【2】入力チェック 試験No2 | F65: 高 | G65: 44944 | H65: 神(洋) | I65: NG→OK
B66: =IF($C$12:C66<>"",COUNTA($C$12:C66),"") -> 47 | C66: 「データ（IP制限機能）」シート 【2】入力チェック 試験No3 | F66: 高 | G66: 44944 | H66: 神(洋) | I66: OK
B67: =IF($C$12:C67<>"",COUNTA($C$12:C67),"") -> 48 | C67: 「データ（IP制限機能）」シート 【2】入力チェック 試験No4 | F67: 高 | G67: 44945 | H67: 神(洋) | I67: OK
B68: =IF($C$12:C68<>"",COUNTA($C$12:C68),"") -> 49 | C68: 「データ（IP制限機能）」シート 【2】入力チェック 試験No5 | F68: 高 | G68: 44944 | H68: 神(洋) | I68: OK
B69: =IF($C$12:C69<>"",COUNTA($C$12:C69),"") -> 50 | C69: 「データ（IP制限機能）」シート 【2】入力チェック 試験No6 | F69: 高 | G69: 44944 | H69: 神(洋) | I69: OK
B70: =IF($C$12:C70<>"",COUNTA($C$12:C70),"") -> 51 | C70: 「データ（IP制限機能）」シート 【2】入力チェック 試験No7 | F70: 高 | G70: 44945 | H70: 神(洋) | I70: OK
B71: =IF($C$12:C71<>"",COUNTA($C$12:C71),"") -> 52 | C71: 「データ（IP制限機能）」シート 【2】入力チェック 試験No8 | F71: 高 | G71: 44945 | H71: 神(洋) | I71: OK
B72: =IF($C$12:C72<>"",COUNTA($C$12:C72),"") -> 53 | C72: 「データ（IP制限機能）」シート 【2】入力チェック 試験No9 | F72: 高 | G72: 44945 | H72: 神(洋) | I72: OK
B73: =IF($C$12:C73<>"",COUNTA($C$12:C73),"") -> 54 | C73: 「データ（IP制限機能）」シート 【2】入力チェック 試験No10 | F73: 高 | G73: 44945 | H73: 神(洋) | I73: OK
B74: =IF($C$12:C74<>"",COUNTA($C$12:C74),"") -> 55 | C74: 「データ（IP制限機能）」シート 【2】入力チェック 試験No11 | F74: 高 | G74: 44945 | H74: 神(洋) | I74: OK
B75: =IF($C$12:C75<>"",COUNTA($C$12:C75),"") -> 56 | C75: 「データ（IP制限機能）」シート 【2】入力チェック 試験No12 | F75: 高 | G75: 44945 | H75: 神(洋) | I75: OK
B76: =IF($C$12:C76<>"",COUNTA($C$12:C76),"") -> 57 | C76: 「データ（IP制限機能）」シート 【2】入力チェック 試験No13 | F76: 高 | G76: 44945 | H76: 神(洋) | I76: OK
... B94: =IF($C$12:C94<>"",COUNTA($C$12:C94),"") -> 75 | C94: 「データ（IP制限機能）」シート 【2】入力チェック 試験No31 | F94: 高 | G94: 44946 | H94: 神(洋) | I94: OK
B95: =IF($C$12:C95<>"",COUNTA($C$12:C95),"")
B96: 「データ（IP制限機能）」シート 【3】更新
B97: =IF($C$12:C97<>"",COUNTA($C$12:C97),"") -> 76 | C97: 「データ（IP制限機能）」シート 【3】更新 試験No1 | D97: ① 「データ（IP制限機能）」シートの「実施前」欄のデータを用意し、「リクエスト元IPアドレス」でヒアーズミー管理ツールの「セキュリティ」画面を開く。 ② 「更新操作」となるように入力値を変更し、「サーバ保存」ボタンをクリックする。 | E97: DBが「更新後」となることを確認する。 | F97: 高 | G97: 44943 | H97: 神(洋) | I97: OK
B98: =IF($C$12:C98<>"",COUNTA($C$12:C98),"") -> 77 | C98: 「データ（IP制限機能）」シート 【3】更新 試験No2 | F98: 高 | G98: 44946 | H98: 神(洋) | I98: OK
B99: =IF($C$12:C99<>"",COUNTA($C$12:C99),"") -> 78 | C99: 「データ（IP制限機能）」シート 【3】更新 試験No3 | F99: 高 | G99: 44946 | H99: 神(洋) | I99: OK
B100: =IF($C$12:C100<>"",COUNTA($C$12:C100),"") -> 79 | C100: 「データ（IP制限機能）」シート 【3】更新 試験No4 | F100: 高 | G100: 44946 | H100: 神(洋) | I100: OK
B101: =IF($C$12:C101<>"",COUNTA($C$12:C101),"") -> 80 | C101: 「データ（IP制限機能）」シート 【3】更新 試験No5 | F101: 高 | G101: 44946 | H101: 神(洋) | I101: OK
B102: =IF($C$12:C102<>"",COUNTA($C$12:C102),"") -> 81 | C102: 「データ（IP制限機能）」シート 【3】更新 試験No6 | F102: 高 | G102: 44946 | H102: 神(洋) | I102: OK
B103: =IF($C$12:C103<>"",COUNTA($C$12:C103),"")
B104: 「データ（IP制限機能）」シート 【4】ログイン
B105: =IF($C$12:C105<>"",COUNTA($C$12:C105),"") -> 82 | C105: 「データ（IP制限機能）」シート 【4】ログイン 試験No1 | D105: ① 「データ（IP制限機能）」シートの「実施条件」欄のDBデータを用意し、「リクエスト元IPアドレス」でヒアーズミー管理ツールのログイン画面にアクセスする。 ② ログインアカウントを入力して「ログイン」ボタンをクリックする。 | E105: 「確認内容」の結果となることを確認する。 | F105: 高 | G105: 44942 | H105: 神(洋) | I105: OK
B106: =IF($C$12:C106<>"",COUNTA($C$12:C106),"") -> 83 | C106: 「データ（IP制限機能）」シート 【4】ログイン 試験No2 | F106: 高 | G106: 44946 | H106: 神(洋) | I106: OK
B107: =IF($C$12:C107<>"",COUNTA($C$12:C107),"") -> 84 | C107: 「データ（IP制限機能）」シート 【4】ログイン 試験No3 | F107: 高 | G107: 44949 | H107: 神(洋) | I107: OK
B108: =IF($C$12:C108<>"",COUNTA($C$12:C108),"") -> 85 | C108: 「データ（IP制限機能）」シート 【4】ログイン 試験No4 | F108: 高 | G108: 44949 | H108: 神(洋) | I108: OK
B109: =IF($C$12:C109<>"",COUNTA($C$12:C109),"") -> 86 | C109: 「データ（IP制限機能）」シート 【4】ログイン 試験No5 | F109: 高 | G109: 44946 | H109: 神(洋) | I109: OK
B110: =IF($C$12:C110<>"",COUNTA($C$12:C110),"") -> 87 | C110: 「データ（IP制限機能）」シート 【4】ログイン 試験No6 | F110: 高 | G110: 44946 | H110: 神(洋) | I110: OK
B111: =IF($C$12:C111<>"",COUNTA($C$12:C111),"") -> 88 | C111: 「データ（IP制限機能）」シート 【4】ログイン 試験No7 | F111: 高 | G111: 44946 | H111: 神(洋) | I111: OK
B112: =IF($C$12:C112<>"",COUNTA($C$12:C112),"") -> 89 | C112: 「データ（IP制限機能）」シート 【4】ログイン 試験No8 | F112: 高 | G112: 44946 | H112: 神(洋) | I112: OK
B113: =IF($C$12:C113<>"",COUNTA($C$12:C113),"") -> 90 | C113: 「データ（IP制限機能）」シート 【4】ログイン 試験No9 | F113: 高 | G113: 44946 | H113: 神(洋) | I113: OK
B114: =IF($C$12:C114<>"",COUNTA($C$12:C114),"") -> 91 | C114: 「データ（IP制限機能）」シート 【4】ログイン 試験No10 | F114: 高 | G114: 44949 | H114: 神(洋) | I114: OK
B115: =IF($C$12:C115<>"",COUNTA($C$12:C115),"") -> 92 | C115: 「データ（IP制限機能）」シート 【4】ログイン 試験No11 | F115: 高 | G115: 44949 | H115: 神(洋) | I115: OK
B116: =IF($C$12:C116<>"",COUNTA($C$12:C116),"") -> 93 | C116: 「データ（IP制限機能）」シート 【4】ログイン 試験No12 | F116: 高 | G116: 44949 | H116: 神(洋) | I116: OK
B117: =IF($C$12:C117<>"",COUNTA($C$12:C117),"") -> 94 | C117: 「データ（IP制限機能）」シート 【4】ログイン 試験No13 | F117: 高 | G117: 44949 | H117: 神(洋) | I117: OK
... B124: =IF($C$12:C124<>"",COUNTA($C$12:C124),"") -> 101 | C124: 「データ（IP制限機能）」シート 【4】ログイン 試験No20 | F124: 高 | G124: 44949 | H124: 神(洋) | I124: OK
B125: =IF($C$12:C125<>"",COUNTA($C$12:C125),"")
B126: =IF($C$12:C126<>"",COUNTA($C$12:C126),"") | D126: ↓↓レビュー後追加
B127: 「データ（IP制限機能）」シート 【2】入力チェック
B128: =IF($C$12:C128<>"",COUNTA($C$12:C128),"") -> 102 | C128: 「データ（IP制限機能）」シート 【2】入力チェック 試験No32 | D128: ① 「データ（IP制限機能）」シートの「実施前」欄のデータを用意し、「リクエスト元IPアドレス」でヒアーズミー管理ツールの「セキュリティ」画面を開く。 ② 「入力値」となるように変更し、「サーバ保存」ボタンをクリックする。 | E128: 「「サーバ保存」ボタンクリック後」欄の結果となることを確認する。 | F128: 高 | G128: 44946 | H128: 神(洋) | I128: OK
...

Sheet 管理ツール（ユーザ一括登録）
V1: =SUM(H4,K4,N4,Q4,T4) -> 81
B2: システム名 | C2: ヒアーズミー(ver2.7) | D2: ■Here's Meログイン画面(結合試験環境) | J2: 対象外数 | K2: =COUNTIF(J:J,"★") -> 0 | M2: 対象外数 | N2: =COUNTIF(M:M,"★") -> 0 | S2: 対象外数 | T2: =COUNTIF(S:S,"★") -> 0 | V2: =SUM(H5,K5,N5,Q5,T5) -> 0
B3: 試験工程 | C3: 結合試験 | D3: https://heresme.micros-america.com/ | J3: 実施数 | K3: =SUM($F$4:$F$6)-K2 -> 81 | M3: 実施数 | N3: =SUM($F$4:$F$6)-N2 -> 81 | S3: 実施数 | T3: =SUM($F$4:$F$6)-T2 -> 81 | V3: =SUM(H6,K6,N6,Q6,T6) -> 0
B4: 試験項目名 | C4: 管理ツール | E4: 高 | F4: =COUNTIF($F$12:$F$251, "高") -> 81 | H4: =COUNTIFS($F12:$F251,"高",I12:I251,"OK")+COUNTIFS($F12:$F251,"高",I12:I251,"NG→OK") -> 81 | I4: =COUNTIFS($F12:$F251,"高",I12:I251,"NG") -> 0 | K4: =COUNTIFS($F12:$F251,"高",L12:L251,"OK") -> 0 | L4: =COUNTIFS($F12:$F251,"高",L12:L251,"NG") -> 0 | N4: =COUNTIFS($F12:$F251,"高",O12:O251,"OK")+COUNTIFS($F12:$F251,"高",O12:O251,"NG→OK") -> 0 | O4: =COUNTIFS($F12:$F251,"高",O12:O251,"NG") -> 0 | Q4: =COUNTIFS($F12:$F251,"高",R12:R251,"OK") -> 0 | R4: =COUNTIFS($F12:$F251,"高",R12:R251,"NG") -> 0 | T4: =COUNTIFS($F12:$F251,"高",U12:U251,"OK") -> 0 | U4: =COUNTIFS($F12:$F251,"高",U12:U251,"NG") -> 0 | V4: =SUM(I4,L4,O4,R4,U4) -> 0
B5: 作成者 | C5: 神 洋子 | D5: ■試験実施バージョン | E5: 中 | F5: =COUNTIF($F$12:$F$251, "中") -> 0 | H5: =COUNTIFS($F12:$F251,"中",I12:I251,"OK") -> 0 | I5: =COUNTIFS($F12:$F251,"中",I12:I251,"NG") -> 0 | K5: =COUNTIFS($F12:$F251,"中",L12:L251,"OK") -> 0 | L5: =COUNTIFS($F12:$F251,"中",L12:L251,"NG") -> 0 | N5: =COUNTIFS($F12:$F251,"中",O12:O251,"OK")+COUNTIFS($F12:$F251,"中",O12:O251,"NG→OK") -> 0 | O5: =COUNTIFS($F12:$F251,"中",O12:O251,"NG") -> 0 | Q5: =COUNTIFS($F12:$F251,"中",R12:R251,"OK") -> 0 | R5: =COUNTIFS($F12:$F251,"中",R12:R251,"NG") -> 0 | T5: =COUNTIFS($F12:$F251,"中",U12:U251,"OK") -> 0 | U5: =COUNTIFS($F12:$F251,"中",U12:U251,"NG") -> 0 | V5: =SUM(I5,L5,O5,R5,U5) -> 0
B6: 作成日 | C6: 44936 | D6: Chrome→★ 、 Firefox→★ | E6: 低 | F6: =COUNTIF($F$12:$F$251, "低") -> 0 | H6: =COUNTIFS($F12:$F251,"低",I12:I251,"OK") -> 0 | I6: =COUNTIFS($F12:$F251,"低",I12:I251,"NG") -> 0 | K6: =COUNTIFS($F12:$F251,"低",L12:L251,"OK") -> 0 | L6: =COUNTIFS($F12:$F251,"低",L12:L251,"NG") -> 0 | N6: =COUNTIFS($F12:$F251,"低",O12:O251,"OK") -> 0 | O6: =COUNTIFS($F12:$F251,"低",O12:O251,"NG") -> 0 | Q6: =COUNTIFS($F12:$F251,"低",R12:R251,"OK") -> 0 | R6: =COUNTIFS($F12:$F251,"低",R12:R251,"NG") -> 0 | T6: =COUNTIFS($F12:$F251,"低",U12:U251,"OK") -> 0 | U6: =COUNTIFS($F12:$F251,"低",U12:U251,"NG") -> 0 | V6: =SUM(I6,L6,O6,R6,U6) -> 0
D7: IE→★ 、 Edge(chronium)→★
C8: 試験項目 | G8: Webブラウザ
G9: Chrome | J9: Firefox | M9: edge(Chronium) | P9: edge(旧) | S9: IE
B10: No | C10: 試験条件 | D10: 試験手順 | E10: 確認内容 | F10: 優先度 | G10: 日付 | H10: 実施者 | I10: 結果 | J10: 日付 | K10: 実施者 | L10: 結果 | M10: 日付 | N10: 実施者 | O10: 結果 | P10: 日付 | Q10: 実施者 | R10: 結果 | S10: 日付 | T10: 実施者 | U10: 結果
B11: メニュー
B12: =IF($C$12:C12<>"",COUNTA($C$12:C12),"") -> 1 | C12: メニュー「ユーザ管理」 | D12: ① ヒアーズミー管理ツールにログインする。 ② 試験条件のメニューをクリックする。 | E12: 試験条件の画面が表示され、メニュー見出し「ユーザ管理」の中に「一括登録」が存在していることを確認する。 | F12: 高 | G12: 44943 | H12: 神(洋) | I12: OK
B13: =IF($C$12:C13<>"",COUNTA($C$12:C13),"") -> 2 | C13: メニュー「一括登録」 | F13: 高 | G13: 44943 | H13: 神(洋) | I13: OK
B14: =IF($C$12:C14<>"",COUNTA($C$12:C14),"") -> 3 | C14: メニュー「拠点」 | F14: 高 | G14: 44943 | H14: 神(洋) | I14: OK
B15: =IF($C$12:C15<>"",COUNTA($C$12:C15),"") -> 4 | C15: メニュー「所属」 | F15: 高 | G15: 44943 | H15: 神(洋) | I15: OK
B16: =IF($C$12:C16<>"",COUNTA($C$12:C16),"") -> 5 | C16: メニュー「役職」 | F16: 高 | G16: 44943 | H16: 神(洋) | I16: OK
B17: =IF($C$12:C17<>"",COUNTA($C$12:C17),"") -> 6 | C17: メニュー「行先」 | F17: 高 | G17: 44943 | H17: 神(洋) | I17: OK
B18: =IF($C$12:C18<>"",COUNTA($C$12:C18),"") -> 7 | C18: メニュー「状態」 | F18: 高 | G18: 44943 | H18: 神(洋) | I18: OK
B19: =IF($C$12:C19<>"",COUNTA($C$12:C19),"") -> 8 | C19: メニュー「勤怠データ」 | F19: 高 | G19: 44943 | H19: 神(洋) | I19: OK
B20: =IF($C$12:C20<>"",COUNTA($C$12:C20),"") -> 9 | C20: メニュー「管理アカウント」 | F20: 高 | G20: 44943 | H20: 神(洋) | I20: OK
B21: =IF($C$12:C21<>"",COUNTA($C$12:C21),"") -> 10 | C21: メニュー「セキュリティ」 | F21: 高 | G21: 44943 | H21: 神(洋) | I21: OK
B22: =IF($C$12:C22<>"",COUNTA($C$12:C22),"")
B23: 「一括登録」画面 表示・操作
B24: =IF($C$12:C24<>"",COUNTA($C$12:C24),"") -> 11 | C24: 初期表示 | D24: ① ヒアーズミー管理ツールの「一括登録」画面を開く。 | E24: 「ファイルを選択」ボタンの横に「ファイルを選択してください」と表示され、「チェック開始」ボタンがグレー（クリック不可）となっていることを確認。 | F24: 高 | G24: 44956 | H24: 神(洋) | I24: OK
B25: =IF($C$12:C25<>"",COUNTA($C$12:C25),"") -> 12 | C25: ファイル再選択 | D25: ① ヒアーズミー管理ツールの「一括登録」画面を開く。 ② 任意のcsvファイルを選択して「チェック開始」を実行する。 ③ チェック結果が表示された後、ファイル名、内容ともに異なるcsvファイルを選択して、再度「チェック開始」を実行する。 | E25: ③で選択したファイルの内容でチェックが実行されることを確認する。 | F25: 高 | G25: 44956 | H25: 神(洋) | I25: OK
B26: =IF($C$12:C26<>"",COUNTA($C$12:C26),"") -> 13 | C26: ファイル再選択 | D26: ① ヒアーズミー管理ツールの「一括登録」画面を開く。 ② 任意のcsvファイルを選択して「チェック開始」を実行する。 ③ チェック結果が表示された後、ファイル名は②と同一で、内容が異なるcsvファイルを選択して、再度「チェック開始」を実行する。 | E26: ③で選択したファイルの内容でチェックが実行されることを確認する。 | F26: 高 | G26: 44957 | H26: 神(洋) | I26: NG→OK
B27: =IF($C$12:C27<>"",COUNTA($C$12:C27),"") -> 14 | C27: ファイル再選択 | D27: ① ヒアーズミー管理ツールの「一括登録」画面を開く。 ② 任意のcsvファイルを選択して「チェック開始」を実行する。 ③ チェック結果が表示された後、ファイル拡張子が不正（.txtなど）のファイルを選択する。 | E27: ③実施後、②で表示されたチェック結果表示エリアが非表示になり、「一括登録」画面を開いた時と同じ状態になることを確認する。 「チェック開始」ボタンをクリックできないことを確認する。 | F27: 高 | G27: 44956 | H27: 神(洋) | I27: OK
B28: =IF($C$12:C28<>"",COUNTA($C$12:C28),"") -> 15 | C28: チェック開始確認ダイアログ | D28: ① ヒアーズミー管理ツールの「一括登録」画面を開く。 ② 任意のcsvファイルを選択して「チェック開始」をクリックする。 | E28: チェック開始確認ダイアログが表示されることを確認。 ---------- インポートするCSVファイルのチェックを開始します。よろしいですか？ 「OK」「キャンセル」 | F28: 高 | G28: 44956 | H28: 神(洋) | I28: OK
B29: =IF($C$12:C29<>"",COUNTA($C$12:C29),"") -> 16 | C29: チェック開始確認ダイアログ | D29: ① ヒアーズミー管理ツールの「一括登録」画面を開く。 ② 任意のcsvファイルを選択して「チェック開始」をクリックする。 ③ チェック開始確認ダイアログの「キャンセル」ボタンをクリックする。 | E29: チェック開始確認ダイアログが閉じることを確認。 チェック結果表が表示されないことを確認。 | F29: 高 | G29: 44956 | H29: 神(洋) | I29: OK
B30: =IF($C$12:C30<>"",COUNTA($C$12:C30),"") -> 17 | C30: チェック完了ダイアログ （エラー・要確認なし） | D30: ① ヒアーズミー管理ツールの「一括登録」画面を開く。 ② エラーや要確認を含まないcsvファイルを選択して「チェック開始」をクリックしてチェック開始確認ダイアログを開く。 ③ チェック開始確認ダイアログの「OK」ボタンをクリックする。 | E30: チェック開始確認ダイアログが閉じ、チェック完了ダイアログが表示されることを確認。 ---------- CSVファイルのチェックが完了しました。 サーバ保存ボタンをクリックしてください。 「OK」 | F30: 高 | G30: 44957 | H30: 神(洋) | I30: OK
B31: =IF($C$12:C31<>"",COUNTA($C$12:C31),"") -> 18 | C31: チェック完了ダイアログ （エラー含む） | D31: ① ヒアーズミー管理ツールの「一括登録」画面を開く。 ② エラーを含むcsvファイルを選択して「チェック開始」をクリックしてチェック開始確認ダイアログを開く。 ③ チェック開始確認ダイアログの「OK」ボタンをクリックする。 | E31: チェック開始確認ダイアログが閉じ、チェック完了ダイアログが表示されることを確認。 ---------- CSVファイルのチェックが完了しました。 入力エラーのデータがあります。 csvファイルを修正して再度チェックを実施してください。 「OK」 | F31: 高 | G31: 44957 | H31: 神(洋) | I31: OK
B32: =IF($C$12:C32<>"",COUNTA($C$12:C32),"") -> 19 | C32: チェック完了ダイアログ （要確認含む） | D32: ① ヒアーズミー管理ツールの「一括登録」画面を開く。 ② 要確認を含むcsvファイルを選択して「チェック開始」をクリックしてチェック開始確認ダイアログを開く。 ③ チェック開始確認ダイアログの「OK」ボタンをクリックする。 | E32: チェック開始確認ダイアログが閉じ、チェック完了ダイアログが表示されることを確認。 ---------- CSVファイルのチェックが完了しました。 要確認のチェック結果があります。 そのまま登録するデータは一番左の列にチェックを入れて サーバ保存ボタンをクリックしてください。 (チェックしないデータは登録されません) 「OK」 | F32: 高 | G32: 44957 | H32: 神(洋) | I32: OK
B33: =IF($C$12:C33<>"",COUNTA($C$12:C33),"") -> 20 | C33: チェック完了ダイアログ | D33: ① チェック完了ダイアログを開く。 ② チェック完了ダイアログの「OK」ボタンをクリックする。 | E33: チェック完了ダイアログが閉じることを確認。 | F33: 高 | G33: 44956 | H33: 神(洋) | I33: OK
B34: =IF($C$12:C34<>"",COUNTA($C$12:C34),"") -> 21 | C34: 一括登録開始確認ダイアログ | D34: ① ヒアーズミー管理ツールの「一括登録」画面を開く。 ② エラー・要確認を含まないcsvファイルを選択して「チェック開始」を実行する。 ③ 「サーバ保存」ボタンをクリックする。 | E34: 一括登録開始確認ダイアログが表示されることを確認。 ----- 一括登録を開始します。よろしいですか？ 「OK」「キャンセル」 | F34: 高 | G34: 44957 | H34: 神(洋) | I34: OK
B35: =IF($C$12:C35<>"",COUNTA($C$12:C35),"") -> 22 | C35: 一括登録開始確認ダイアログ | D35: ① 一括登録開始確認ダイアログを開く。 ② 一括登録開始確認ダイアログの「OK」ボタンをクリックする。 | E35: 一括登録開始確認ダイアログが閉じ、一括登録完了ダイアログが表示されることを確認。 DBにcsvのデータが追加されていることを確認。 ----- 一括登録が完了しました。 「OK」 | F35: 高 | G35: 44958 | H35: 神(洋) | I35: OK
... B39: =IF($C$12:C39<>"",COUNTA($C$12:C39),"") -> 26 | C39: 変更を保存せず別画面へ | D39: ① ヒアーズミー管理ツールの「一括登録」」画面を開く。 ② 設定内容を任意で変更し、サーバ保存しないまま別画面のメニューをクリックする。 | E39: 保存未完了のメッセージ（ブラウザのメッセージ）が表示されることを確認。 | F39: 高 | G39: 44956 | H39: 神(洋) | I39: OK
B40: =IF($C$12:C40<>"",COUNTA($C$12:C40),"")
B41: サーバ結果正常以外
B42: =IF($C$12:C42<>"",COUNTA($C$12:C42),"") -> 27 | C42: チェック用データ取得 （コマンド：REQ_SEL_MASTER_FOR_USER_IMPORT） | D42: ① ヒアーズミー管理ツールの「一括登録」画面を開く。 ② DBテーブル「iw_classtbl」をリネームする。 ② 任意のcsvファイルを選択し、チェックを実行する。 | E42: サーバ処理エラーのアラートが表示されることを確認。 ------- サーバ処理でエラーが発生しました。 (REQ_SEL_MASTER_FOR_USER_IMPORT) | F42: 高 | G42: 44959 | H42: 神(洋) | I42: NG→OK
B43: =IF($C$12:C43<>"",COUNTA($C$12:C43),"") -> 28 | C43: チェック用データ取得 （コマンド：REQ_SEL_MASTER_FOR_USER_IMPORT） | D43: ① ヒアーズミー管理ツールの「一括登録」画面を開く。 ② サーバAPIを停止する。 ③ 任意のcsvファイルを選択し、チェックを実行する。 | E43: サーバ通信エラーのアラートが表示されることを確認。 ------- サーバとの接続でエラーが発生しました (REQ_SEL_MASTER_FOR_USER_IMPORT/エラー情報) | F43: 高 | G43: 44959 | H43: 神(洋) | I43: OK
B44: =IF($C$12:C44<>"",COUNTA($C$12:C44),"") -> 29 | C44: 役職追加 （コマンド：REQ_ADD_CLASS） | D44: ① ヒアーズミー管理ツールの「一括登録」画面を開く。 ② 役職を追加登録するデータを含むcsvファイルを選択し、チェックを実行し、チェック結果表の該当データの行のチェックボックスをONにする。 ③ DBテーブル「iw_classtbl」をリネームする。 ④ 「サーバ保存」を実行する。 | E44: エラーダイアログが表示されることを確認。 ------- 役職名の登録でエラーが発生しました。 時間をおき、再ログインしてやり直してください。 ※拠点、所属、ユーザは登録されていません。 | F44: 高 | G44: 44959 | H44: 神(洋) | I44: NG→OK
B45: =IF($C$12:C45<>"",COUNTA($C$12:C45),"") -> 30 | C45: 役職追加 （コマンド：REQ_ADD_CLASS） | D45: ① ヒアーズミー管理ツールの「一括登録」画面を開く。 ② 役職を追加登録するデータを含むcsvファイルを選択し、チェックを実行し、チェック結果表の該当データの行のチェックボックスをONにする。 ③ サーバAPIを停止する。 ④ 「サーバ保存」を実行する。 | E45: エラーダイアログが表示されることを確認。 ------- 役職名の登録中に、サーバとの接続でエラーが発生しました。 時間をおき、再ログインしてやり直してください。 | F45: 高 | G45: 44959 | H45: 神(洋) | I45: OK
B46: =IF($C$12:C46<>"",COUNTA($C$12:C46),"") -> 31 | C46: 拠点追加 （コマンド：REQ_ADD_SECTION） | D46: ① ヒアーズミー管理ツールの「一括登録」画面を開く。 ② 拠点を追加登録するデータを含むcsvファイルを選択し、チェックを実行し、チェック結果表の該当データの行のチェックボックスをONにする。 ③ DBテーブル「iw_sectiontbl」をリネームする。 ④ 「サーバ保存」を実行する。 | E46: エラーダイアログが表示されることを確認。 ------- 拠点名の登録でエラーが発生しました。 時間をおき、再ログインしてやり直してください。 ※所属、ユーザは登録されていません。 | F46: 高 | G46: 44959 | H46: 神(洋) | I46: OK
B47: =IF($C$12:C47<>"",COUNTA($C$12:C47),"") -> 32 | C47: 拠点追加 （コマンド：REQ_ADD_SECTION） | D47: ① ヒアーズミー管理ツールの「一括登録」画面を開く。 ② 拠点を追加登録するデータを含むcsvファイルを選択し、チェックを実行し、チェック結果表の該当データの行のチェックボックスをONにする。 (役職は追加登録するデータがないこと） ③ サーバAPIを停止する。 ④ 「サーバ保存」を実行する。 | E47: エラーダイアログが表示されることを確認。 ------- 拠点名の登録中に、サーバとの接続でエラーが発生しました。 時間をおき、再ログインしてやり直してください。 | F47: 高 | G47: 44959 | H47: 神(洋) | I47: OK
B48: =IF($C$12:C48<>"",COUNTA($C$12:C48),"") -> 33 | C48: 所属追加 （コマンド：REQ_ADD_GROUP） | D48: ① ヒアーズミー管理ツールの「一括登録」画面を開く。 ② 所属を追加登録するデータを含むcsvファイルを選択し、チェックを実行し、チェック結果表の該当データの行のチェックボックスをONにする。 ③ DBテーブル「iw_grouptbl」をリネームする。 ④ 「サーバ保存」を実行する。 | E48: エラーダイアログが表示されることを確認。 ------- 所属名の登録でエラーが発生しました。 時間をおき、再ログインしてやり直してください。 ※ユーザは登録されていません。 | F48: 高 | G48: 44959 | H48: 神(洋) | I48: OK
B49: =IF($C$12:C49<>"",COUNTA($C$12:C49),"") -> 34 | C49: 所属追加 （コマンド：REQ_ADD_GROUP） | D49: ① ヒアーズミー管理ツールの「一括登録」画面を開く。 ② 所属を追加登録するデータを含むcsvファイルを選択し、チェックを実行し、チェック結果表の該当データの行のチェックボックスをONにする。 (役職、拠点は追加登録するデータがないこと） ③ サーバAPIを停止する。 ④ 「サーバ保存」を実行する。 | E49: エラーダイアログが表示されることを確認。 ------- 所属名の登録中に、サーバとの接続でエラーが発生しました。 時間をおき、再ログインしてやり直してください。 | F49: 高 | G49: 44959 | H49: 神(洋) | I49: OK
B50: =IF($C$12:C50<>"",COUNTA($C$12:C50),"") -> 35 | C50: ユーザ情報インポート （コマンド：REQ_IMPORT_USER） | D50: ① ヒアーズミー管理ツールの「一括登録」画面を開く。 ② 任意のcsvファイルを選択し、チェックを実行する。 ③ DBテーブル「iw_usertbl」をリネームする。 ④ 「サーバ保存」を実行する。 | E50: エラーダイアログが表示されることを確認。 ------- ユーザ情報の登録でエラーが発生しました。 (エラー発生行：XX) (エラー原因：(エラーコード)) 時間をおき、再ログインしてやり直してください。 | F50: 高 | G50: 44959 | H50: 神(洋) | I50: OK
B51: =IF($C$12:C51<>"",COUNTA($C$12:C51),"") -> 36 | C51: ユーザ情報インポート （コマンド：REQ_IMPORT_USER） | D51: ① ヒアーズミー管理ツールの「一括登録」画面を開く。 ② 任意のcsvファイルを選択し、チェックを実行する。 (役職、拠点、所属は追加登録するデータがないこと） ③ サーバAPIを停止する。 ④ 「サーバ保存」を実行する。 | E51: エラーダイアログが表示されることを確認。 ------- ユーザ情報の登録中に、サーバとの接続でエラーが発生しました。 時間をおき、再ログインしてやり直してください。 | F51: 高 | G51: 44959 | H51: 神(洋) | I51: OK
B52: =IF($C$12:C52<>"",COUNTA($C$12:C52),"")
B53: 「データ（一括登録）」シート 【1】ファイル選択
B54: =IF($C$12:C54<>"",COUNTA($C$12:C54),"") -> 37 | C54: 「データ（一括登録）」シート 【1】ファイル選択 試験No1 | D54: ① 「データ（一括登録）」シートの「「ファイルを選択」ボタン 選択するファイルの拡張子」欄の拡張子となるファイルを用意する。 ② 「ユーザ一括登録」画面を開き、「ファイル選択」ボタンをクリックし、①で用意したファイルを選択する。 | E54: 「結果」欄となることを確認する。 | F54: 高 | G54: 44956 | H54: 神(洋) | I54: OK
B55: =IF($C$12:C55<>"",COUNTA($C$12:C55),"") -> 38 | C55: 「データ（一括登録）」シート 【1】ファイル選択 試験No2 | F55: 高 | G55: 44956 | H55: 神(洋) | I55: OK
B56: =IF($C$12:C56<>"",COUNTA($C$12:C56),"") -> 39 | C56: 「データ（一括登録）」シート 【1】ファイル選択 試験No3 | F56: 高 | G56: 44956 | H56: 神(洋) | I56: OK
B57: =IF($C$12:C57<>"",COUNTA($C$12:C57),"") -> 40 | C57: 「データ（一括登録）」シート 【1】ファイル選択 試験No4 | F57: 高 | G57: 44956 | H57: 神(洋) | I57: OK
B58: =IF($C$12:C58<>"",COUNTA($C$12:C58),"") -> 41 | C58: 「データ（一括登録）」シート 【1】ファイル選択 試験No5 | F58: 高 | G58: 44956 | H58: 神(洋) | I58: OK
B59: =IF($C$12:C59<>"",COUNTA($C$12:C59),"")
B60: 「データ（一括登録）」シート 【2】csvファイルチェック
B61: =IF($C$12:C61<>"",COUNTA($C$12:C61),"") -> 42 | C61: 「データ（一括登録）」シート 【2】csvファイルチェック 試験No1 | D61: ① 「データ（一括登録）」シートの「csvファイルのデータ」欄のデータを用意する。 ② ヒアーズミー管理ツールの「ユーザ一括登録」画面で①で用意したファイルを選択し、「チェック開始」ボタンをクリックする。 | E61: 「チェック結果」欄の結果となることを確認する。 | F61: 高 | G61: 44953 | H61: 神(洋) | I61: OK
B62: =IF($C$12:C62<>"",COUNTA($C$12:C62),"") -> 43 | C62: 「データ（一括登録）」シート 【2】csvファイルチェック 試験No2 | F62: 高 | G62: 44953 | H62: 神(洋) | I62: OK
B63: =IF($C$12:C63<>"",COUNTA($C$12:C63),"") -> 44 | C63: 「データ（一括登録）」シート 【2】csvファイルチェック 試験No3 | F63: 高 | G63: 44953 | H63: 神(洋) | I63: OK
B64: =IF($C$12:C64<>"",COUNTA($C$12:C64),"") -> 45 | C64: 「データ（一括登録）」シート 【2】csvファイルチェック 試験No4 | F64: 高 | G64: 44953 | H64: 神(洋) | I64: OK
B65: =IF($C$12:C65<>"",COUNTA($C$12:C65),"") -> 46 | C65: 「データ（一括登録）」シート 【2】csvファイルチェック 試験No5 | F65: 高 | G65: 44953 | H65: 神(洋) | I65: OK
B66: =IF($C$12:C66<>"",COUNTA($C$12:C66),"") -> 47 | C66: 「データ（一括登録）」シート 【2】csvファイルチェック 試験No6 | F66: 高 | G66: 44953 | H66: 神(洋) | I66: OK
B67: =IF($C$12:C67<>"",COUNTA($C$12:C67),"") -> 48 | C67: 「データ（一括登録）」シート 【2】csvファイルチェック 試験No7 | F67: 高 | G67: 44953 | H67: 神(洋) | I67: OK
B68: =IF($C$12:C68<>"",COUNTA($C$12:C68),"") -> 49 | C68: 「データ（一括登録）」シート 【2】csvファイルチェック 試験No8 | F68: 高 | G68: 44953 | H68: 神(洋) | I68: OK
B69: =IF($C$12:C69<>"",COUNTA($C$12:C69),"") -> 50 | C69: 「データ（一括登録）」シート 【2】csvファイルチェック 試験No9 | F69: 高 | G69: 44953 | H69: 神(洋) | I69: OK
B70: =IF($C$12:C70<>"",COUNTA($C$12:C70),"") -> 51 | C70: 「データ（一括登録）」シート 【2】csvファイルチェック 試験No10 | F70: 高 | G70: 44953 | H70: 神(洋) | I70: OK
B71: =IF($C$12:C71<>"",COUNTA($C$12:C71),"") -> 52 | C71: 「データ（一括登録）」シート 【2】csvファイルチェック 試験No11 | F71: 高 | G71: 44953 | H71: 神(洋) | I71: OK
B72: =IF($C$12:C72<>"",COUNTA($C$12:C72),"") -> 53 | C72: 「データ（一括登録）」シート 【2】csvファイルチェック 試験No12 | F72: 高 | G72: 44953 | H72: 神(洋) | I72: OK
B73: =IF($C$12:C73<>"",COUNTA($C$12:C73),"") -> 54 | C73: 「データ（一括登録）」シート 【2】csvファイルチェック 試験No13 | F73: 高 | G73: 44953 | H73: 神(洋) | I73: OK
... B86: =IF($C$12:C86<>"",COUNTA($C$12:C86),"") -> 67 | C86: 「データ（一括登録）」シート 【2】csvファイルチェック 試験No26 | F86: 高 | G86: 44958 | H86: 神(洋) | I86: OK
B87: =IF($C$12:C87<>"",COUNTA($C$12:C87),"")
B88: 「データ（一括登録）」シート 【3】一括登録
B89: =IF($C$12:C89<>"",COUNTA($C$12:C89),"") -> 68 | C89: 「データ（一括登録）」シート 【3】一括登録 試験No1 | D89: ① 「データ（一括登録）」シートの「csvファイルのデータ」欄のデータを用意する。 ② ヒアーズミー管理ツールの「ユーザ一括登録」画面で①で用意したファイルを選択し、「チェック開始」ボタンをクリックする。 ③ 表示されたチェック結果表について、「チェックボックス」欄の通りON/OFFを設定し、「サーバ保存」ボタンをクリックする。 | E89: DBが「一括登録後 DB」となることを確認する。 | F89: 高 | G89: 44958 | H89: 神(洋) | I89: OK
B90: =IF($C$12:C90<>"",COUNTA($C$12:C90),"") -> 69 | C90: 「データ（一括登録）」シート 【3】一括登録 試験No2 | F90: 高 | G90: 44958 | H90: 神(洋) | I90: OK
B91: =IF($C$12:C91<>"",COUNTA($C$12:C91),"") -> 70 | C91: 「データ（一括登録）」シート 【3】一括登録 試験No3 | F91: 高 | G91: 44958 | H91: 神(洋) | I91: OK
B92: =IF($C$12:C92<>"",COUNTA($C$12:C92),"") -> 71 | C92: 「データ（一括登録）」シート 【3】一括登録 試験No4 | F92: 高 | G92: 44958 | H92: 神(洋) | I92: OK
B93: =IF($C$12:C93<>"",COUNTA($C$12:C93),"") -> 72 | C93: 「データ（一括登録）」シート 【3】一括登録 試験No5 | F93: 高 | G93: 44958 | H93: 神(洋) | I93: OK
B94: =IF($C$12:C94<>"",COUNTA($C$12:C94),"")
B95: ＜追加＞ 「ユーザ情報」画面 複数選択削除
B96: =IF($C$12:C96<>"",COUNTA($C$12:C96),"") -> 73 | C96: <削除> ユーザ数：5 選択行：1 | D96: ① ヒアーズミー管理ツールの「ユーザ情報」画面を開く。 ② 試験条件欄の「選択行」で指定されている行を選択し、「削除」ボタンをクリックする。 ③ 「サーバ保存」ボタンをクリックする。 | E96: ②実施後、ユーザ一覧表から選択した行のデータが削除されることを確認。 ③実施後、DBから選択した行のデータが削除されることを確認。（それ以外のデータに変更はないこと） | F96: 高 | G96: 44958 | H96: 神(洋) | I96: OK
B97: =IF($C$12:C97<>"",COUNTA($C$12:C97),"") -> 74 | C97: <削除> ユーザ数：5 選択行：1,3,5 | F97: 高 | G97: 44958 | H97: 神(洋) | I97: OK
B98: =IF($C$12:C98<>"",COUNTA($C$12:C98),"") -> 75 | C98: <削除> ユーザ数：5 選択行：全選択 | F98: 高 | G98: 44958 | H98: 神(洋) | I98: OK
B99: =IF($C$12:C99<>"",COUNTA($C$12:C99),"") -> 76 | C99: <削除> ユーザ数：5 選択行：選択しない | D99: ① ヒアーズミー管理ツールの「ユーザ情報」画面を開く。 ② 試験条件欄の「選択行」で指定されている行を選択し、「削除」ボタンをクリックする。 | E99: データが選択されていない旨のエラーメッセージが表示されることを確認。 | F99: 高 | G99: 44958 | H99: 神(洋) | I99: OK
B100: =IF($C$12:C100<>"",COUNTA($C$12:C100),"") -> 77 | C100: <編集> ユーザ数：5 選択行：3 | D100: ① ヒアーズミー管理ツールの「ユーザ情報」画面を開く。 ② 試験条件欄の「選択行」で指定されている行を選択し、「編集」ボタンをクリックする。 ③ 詳細ダイアログにて任意のデータを変更し、「サーバ保存」ボタンをクリックする。 | E100: ②実施後、選択した行のデータの詳細ダイアログが開くことを確認。 ③実施後、選択した行のDBデータが、変更した内容で更新されていることを確認。（それ以外のデータに変更はないこと） | F100: 高 | G100: 44958 | H100: 神(洋) | I100: OK
B101: =IF($C$12:C101<>"",COUNTA($C$12:C101),"") -> 78 | C101: <編集> ユーザ数：5 選択行：1,3 | D101: ① ヒアーズミー管理ツールの「ユーザ情報」画面を開く。 ② 試験条件欄の「選択行」で指定されている行を選択し、「編集」ボタンをクリックする。 | E101: 複数データ選択不可のエラーメッセージが表示されることを確認。 | F101: 高 | G101: 44958 | H101: 神(洋) | I101: OK
B102: =IF($C$12:C102<>"",COUNTA($C$12:C102),"") -> 79 | C102: <編集> ユーザ数：5 選択行：選択しない | D102: ① ヒアーズミー管理ツールの「ユーザ情報」画面を開く。 ② 試験条件欄の「選択行」で指定されている行を選択し、「編集」ボタンをクリックする。 | E102: データが選択されていない旨のエラーメッセージが表示されることを確認。 | F102: 高 | G102: 44958 | H102: 神(洋) | I102: OK
B103: =IF($C$12:C103<>"",COUNTA($C$12:C103),"") -> 80 | C103: <新規> ユーザ数：5 選択行：3,5 | D103: ① ヒアーズミー管理ツールの「ユーザ情報」画面を開く。 ② 試験条件欄の「選択行」で指定されている行を選択し、「新規」ボタンをクリックする。 ③ 新規追加ダイアログにて任意のデータを入力し、「サーバ保存」ボタンをクリックする。 | E103: ②実施後、選択した行に関わらず、新規追加ダイアログ（入力フォームは全て空またはデフォルト状態）が開くことを確認。 ③実施後、入力したデータがDBに追加されていることを確認。（それ以外のデータに変更はないこと） | F103: 高 | G103: 44958 | H103: 神(洋) | I103: OK
B104: =IF($C$12:C104<>"",COUNTA($C$12:C104),"") -> 81 | C104: <操作組み合わせ> 追加 削除 更新 並べ替え | D104: ① ヒアーズミー管理ツールの「ユーザ情報」画面を開く。 ② 「新規」ボタンをクリックし、任意のデータを追加する。 ③ 任意のデータを複数選択し、「削除」ボタンをクリックする。 ④ 任意のデータを選択し、「編集」ボタンをクリックしてデータを変更する。 ⑤ 任意のデータをドラッグ＆ドロップで順番を入れ替える。 ⑥ 「サーバ保存」ボタンをクリックする。 | E104: DBのデータが、最終的なユーザ一覧のデータに更新されていることを確認。 | F104: 高 | G104: 44958 | H104: 神(洋) | I104: OK
B105: =IF($C$12:C105<>"",COUNTA($C$12:C105),"")
B106: =IF($C$12:C106<>"",COUNTA($C$12:C106),"")

Sheet アカウント作成ツール
AB1: =SUM(H4,K4,N4,Q4,T4) -> 8
B2: システム名 | C2: ヒアーズミー(ver2.7) | D2: ■ヒアーズミーログイン画面(結合試験環境) | J2: 対象外数 | K2: =COUNTIF(J:J,"★") -> 0 | M2: 対象外数 | N2: =COUNTIF(M:M,"★") -> 0 | S2: 対象外数 | T2: =COUNTIF(S:S,"★") -> 0 | V2: 対象外数 | W2: =COUNTIF(V:V,"★") -> 0 | Y2: 対象外数 | Z2: =COUNTIF(Y:Y,"★") -> 0 | AB2: =SUM(H5,K5,N5,Q5,T5) -> 0
B3: 試験工程 | C3: 結合試験 | D3: https://heresme.micros-america.com/ | J3: 実施数 | K3: =SUM($F$4:$F$6)-K2 -> 8 | M3: 実施数 | N3: =SUM($F$4:$F$6)-N2 -> 8 | S3: 実施数 | T3: =SUM($F$4:$F$6)-T2 -> 8 | V3: 実施数 | W3: =SUM($F$4:$F$6)-W2 -> 8 | Y3: 実施数 | Z3: =SUM($F$4:$F$6)-Z2 -> 8 | AB3: =SUM(H6,K6,N6,Q6,T6) -> 0
B4: 試験項目名 | C4: アカウント作成ツール | E4: 高 | F4: =COUNTIF($F$12:$F$176, "高") -> 8 | H4: =COUNTIFS($F12:$F176,"高",I12:I176,"OK")+COUNTIFS($F12:$F176,"高",I12:I176,"NG→OK") -> 8 | I4: =COUNTIFS($F12:$F176,"高",I12:I176,"NG") -> 0 | K4: =COUNTIFS($F12:$F176,"高",L12:L176,"OK") -> 0 | L4: =COUNTIFS($F12:$F176,"高",L12:L176,"NG") -> 0 | N4: =COUNTIFS($F12:$F176,"高",O12:O176,"OK")+COUNTIFS($F12:$F176,"高",O12:O176,"NG→OK") -> 0 | O4: =COUNTIFS($F12:$F176,"高",O12:O176,"NG") -> 0 | Q4: =COUNTIFS($F12:$F176,"高",R12:R176,"OK") -> 0 | R4: =COUNTIFS($F12:$F176,"高",R12:R176,"NG") -> 0 | T4: =COUNTIFS($F12:$F176,"高",U12:U176,"OK") -> 0 | U4: =COUNTIFS($F12:$F176,"高",U12:U176,"NG") -> 0 | W4: =COUNTIFS($F12:$F176,"高",X12:X176,"OK")+COUNTIFS($F12:$F176,"高",X12:X176,"NG→OK") -> 0 | X4: =COUNTIFS($F12:$F176,"高",X12:X176,"NG") -> 0 | Z4: =COUNTIFS($F12:$F176,"高",AA12:AA176,"OK") -> 0 | AA4: =COUNTIFS($F12:$F176,"高",AA12:AA176,"NG") -> 0 | AB4: =SUM(I4,L4,O4,R4,U4) -> 0
B5: 作成者 | C5: 神 洋子 | D5: ■試験実施バージョン | E5: 中 | F5: =COUNTIF($F$12:$F$176, "中") -> 0 | H5: =COUNTIFS($F12:$F176,"中",I12:I176,"OK") -> 0 | I5: =COUNTIFS($F12:$F176,"中",I12:I176,"NG") -> 0 | K5: =COUNTIFS($F12:$F176,"中",L12:L176,"OK") -> 0 | L5: =COUNTIFS($F12:$F176,"中",L12:L176,"NG") -> 0 | N5: =COUNTIFS($F12:$F176,"中",O12:O176,"OK")+COUNTIFS($F12:$F176,"中",O12:O176,"NG→OK") -> 0 | O5: =COUNTIFS($F12:$F176,"中",O12:O176,"NG") -> 0 | Q5: =COUNTIFS($F12:$F176,"中",R12:R176,"OK") -> 0 | R5: =COUNTIFS($F12:$F176,"中",R12:R176,"NG") -> 0 | T5: =COUNTIFS($F12:$F176,"中",U12:U176,"OK") -> 0 | U5: =COUNTIFS($F12:$F176,"中",U12:U176,"NG") -> 0 | W5: =COUNTIFS($F12:$F176,"中",X12:X176,"OK") -> 0 | X5: =COUNTIFS($F12:$F176,"中",X12:X176,"NG") -> 0 | Z5: =COUNTIFS($F12:$F176,"中",AA12:AA176,"OK") -> 0 | AA5: =COUNTIFS($F12:$F176,"中",AA12:AA176,"NG") -> 0 | AB5: =SUM(I5,L5,O5,R5,U5) -> 0
B6: 作成日 | C6: 44938 | D6: Chrome→★ 、 Firefox→★ | E6: 低 | F6: =COUNTIF($F$12:$F$176, "低") -> 0 | H6: =COUNTIFS($F12:$F176,"低",I12:I176,"OK") -> 0 | I6: =COUNTIFS($F12:$F176,"低",I12:I176,"NG") -> 0 | K6: =COUNTIFS($F12:$F176,"低",L12:L176,"OK") -> 0 | L6: =COUNTIFS($F12:$F176,"低",L12:L176,"NG") -> 0 | N6: =COUNTIFS($F12:$F176,"低",O12:O176,"OK") -> 0 | O6: =COUNTIFS($F12:$F176,"低",O12:O176,"NG") -> 0 | Q6: =COUNTIFS($F12:$F176,"低",R12:R176,"OK") -> 0 | R6: =COUNTIFS($F12:$F176,"低",R12:R176,"NG") -> 0 | T6: =COUNTIFS($F12:$F176,"低",U12:U176,"OK") -> 0 | U6: =COUNTIFS($F12:$F176,"低",U12:U176,"NG") -> 0 | W6: =COUNTIFS($F12:$F176,"低",X12:X176,"OK") -> 0 | X6: =COUNTIFS($F12:$F176,"低",X12:X176,"NG") -> 0 | Z6: =COUNTIFS($F12:$F176,"低",AA12:AA176,"OK") -> 0 | AA6: =COUNTIFS($F12:$F176,"低",AA12:AA176,"NG") -> 0 | AB6: =SUM(I6,L6,O6,R6,U6) -> 0
D7: IE→★ 、 Edge(chronium)→★
C8: 試験項目 | G8: Webブラウザ | V8: スマホアプリ
G9: Chrome | J9: Firefox | M9: edge(Chronium) | P9: edge(旧) | S9: IE | V9: Android | Y9: iOS
B10: No | C10: 試験条件 | D10: 試験手順 | E10: 確認内容 | F10: 優先度 | G10: 日付 | H10: 実施者 | I10: 結果 | J10: 日付 | K10: 実施者 | L10: 結果 | M10: 日付 | N10: 実施者 | O10: 結果 | P10: 日付 | Q10: 実施者 | R10: 結果 | S10: 日付 | T10: 実施者 | U10: 結果 | V10: 日付 | W10: 実施者 | X10: 結果 | Y10: 日付 | Z10: 実施者 | AA10: 結果
B11: 新規アカウント（company_id=0000000019）
B12: =IF($C$12:C12<>"",COUNTA($C$12:C12),"") -> 1 | C12: アカウント作成 | D12: ① アカウント作成ツールの「ヒアーズミー」画面を開く。 ② 任意の情報でアカウンを作成する。 | E12: 正常にログインできることを確認。 DB「iw_ipmanagetbl」にデータが作成されていることを確認。 | F12: 高 | G12: 44942 | H12: 神(洋) | I12: OK
B13: =IF($C$12:C13<>"",COUNTA($C$12:C13),"") -> 2 | C13: ver2.7新規アカウント →IP制限機能を利用 | D13: ① No1を実施する。 ② ①で作成したアカウントでヒアーズミー管理ツールにログインし、「セキュリティ」画面を開く。 ③ 任意の情報に変更して「サーバ保存」を実行する。 | E13: ②実施後、「ヒアーズミーにアクセスするIPアドレスを制限」チェックボックスがOFF、IPリストが空であることを確認。 ③実施後、入力した内容にDBが更新されることを確認。 | F13: 高 | G13: 44956 | H13: 神(洋) | I13: OK
B14: =IF($C$12:C14<>"",COUNTA($C$12:C14),"") -> 3 | C14: ver2.7新規アカウント →一括登録機能を利用 | D14: ① No1(またはNo2)を実施する。 ② ①で作成したアカウントでヒアーズミー管理ツールにログインし、「一括登録」画面を開く。 ③ 任意のcsvファイルでユーザ一括登録を実行する。（「データ（一括登録）」シート【3】一括登録No4のcsvファイルを使用） | E14: csvファイルに記載した内容で、役職・拠点・所属・ユーザが登録されることを確認。 | F14: 高 | G14: 44959 | H14: 神(洋) | I14: OK
B15: =IF($C$12:C15<>"",COUNTA($C$12:C15),"") -> 4 | C15: アカウント削除 | D15: ① No1を実施する。 ② ①で作成したアカウントを削除する。 | E15: DB「iw_ipmanagetbl」を含め、すべてのDBテーブルから①で作成した企業情報が削除されていることを確認。 | F15: 高 | G15: 44959 | H15: 神(洋) | I15: OK
B16: =IF($C$12:C16<>"",COUNTA($C$12:C16),"")
B17: 既存アカウント（company_id=0000000017）
B18: =IF($C$12:C18<>"",COUNTA($C$12:C18),"") -> 5 | C18: ～ver2.6.3既存アカウント →IP制限機能を利用 | D18: ① ver2.6.3以前に登録したアカウントでヒアーズミー管理ツールにログインし、「セキュリティ」画面を開く。 ② 任意の情報に変更して「サーバ保存」を実行する。 | E18: ①実施後、「ヒアーズミーにアクセスするIPアドレスを制限」チェックボックスがOFF、IPリストが空であることを確認。 ②実施後、入力した内容にDBが更新されることを確認。 | F18: 高 | G18: 44956 | H18: 神(洋) | I18: OK
B19: =IF($C$12:C19<>"",COUNTA($C$12:C19),"") -> 6 | C19: ～ver2.6.3既存アカウント →一括登録機能を利用 | D19: ① ver2.6.3以前に登録したアカウントでヒアーズミー管理ツールにログインし、「一括登録」画面を開く。 ③ 任意のcsvファイルでユーザ一括登録を実行する。 | E19: csvファイルに記載した内容で、役職・拠点・所属・ユーザが登録されることを確認。 | F19: 高 | G19: 44959 | H19: 神(洋) | I19: OK
B20: =IF($C$12:C20<>"",COUNTA($C$12:C20),"") -> 7 | C20: アカウント削除 | D20: ① ver2.6.3以前に登録したアカウントを削除する。 | E20: DB「iw_ipmanagetbl」を含め、すべてのDBテーブルから①で作成した企業情報が削除されていることを確認。 | F20: 高 | G20: 44959 | H20: 神(洋) | I20: NG→OK
B21: =IF($C$12:C21<>"",COUNTA($C$12:C21),"")
B22: IP制限リセット
B23: =IF($C$12:C23<>"",COUNTA($C$12:C23),"") -> 8 | C23: IP制限リセット ※レビュー指摘で追加 | D23: ① ヒアーズミー管理ツールの「セキュリティ」画面にて、「ヒアーズミーにアクセスするIPアドレスを制限」チェックボックスをON、IPリストに１件以上の許可IPを設定する。 ② アカウント作成ツールにて、①の設定を行った企業の詳細ダイアログを開き、「IP制限をリセット」チェックボックスをONにし、更新する。 ③ ①のアカウントでヒアーズミー管理ツールの「セキュリティ」画面を表示する。 | E23: ②実施後、DB「iw_ipmanagetbl」のIP制限有効設定（enable_flg）が0に更新されており、IPリスト（ip_list）は変更がないことを確認する。 ③実施後、「ヒアーズミーにアクセスするIPアドレスを制限」チェックボックスがON、許可IPリストは①で設定した内容で、入力できない状態になっていることを確認。 | F23: 高 | G23: 44956 | H23: 神(洋) | I23: OK
B24: =IF($C$12:C24<>"",COUNTA($C$12:C24),"")
B25: =IF($C$12:C25<>"",COUNTA($C$12:C25),"")
B26: =IF($C$12:C26<>"",COUNTA($C$12:C26),"")
B27: =IF($C$12:C27<>"",COUNTA($C$12:C27),"")
B28: =IF($C$12:C28<>"",COUNTA($C$12:C28),"")
B29: =IF($C$12:C29<>"",COUNTA($C$12:C29),"")
B30: =IF($C$12:C30<>"",COUNTA($C$12:C30),"")
B31: =IF($C$12:C31<>"",COUNTA($C$12:C31),"")

Sheet データ（IP制限機能）
A1: IP制限機能 データバリエーション
B3: 【1】表示
B4: リクエスト元IPアドレス | G4: 14.9.148.97 | J4: ※「セキュリティ」画面内に、接続元IPアドレスが表示されること。
B5: No | C5: 実施条件 | AB5: 確認内容
C6: DB「iw_ipmanagetbl」（IP管理テーブル） | AB6: 管理ツール「セキュリティ」画面
C7: 企業ID | F7: IP制限有効設定 | J7: IP設定可能数 | M7: IPリスト | AB7: ヒアーズミーにアクセス するIPアドレスを制限 (チェックボックス) | AG7: XX個まで (IP設定可能数) | AJ7: 許可するIPアドレス
C8: company_id | F8: enable_flg | J8: ip_max_num | M8: ip_list | AJ8: 名称 | AN8: IPアドレス | AR8: リストの行数
B9: 1 | C9: ログインユーザが 所属する企業 | F9: 0（制限しない） | J9: 20 | M9: {} | AB9: チェックOFF | AG9: 20 | AJ9: (空) | AN9: (空) | AR9: 1
B10: 2 | C10: ログインユーザが 所属する企業 | F10: 1（制限する） | J10: 20 | M10: {14.9.148.97_テストIP} | AB10: チェックON | AG10: 20 | AJ10: テストIP | AN10: 14.9.148.97 | AR10: 2
B11: 3 | C11: ログインユーザが 所属する企業 | F11: 1（制限する） | J11: 10 | M11: {14.9.148.97_本社IPアドレス,192.168.10.*_,128.10.128.1/25_北海道支社_} | AB11: チェックON | AG11: 10 | AJ11: テストIP | AN11: 14.9.148.97 | AR11: 4
AJ12: (空) | AN12: 192.168.10.*
AJ13: 北海道支社 | AN13: 128.10.128.1/25
B14: 4 | C14: ログインユーザが 所属する企業 | F14: 1（制限する） | J14: 20 | M14: {192.168.100.1_IP1,192.168.100.2_IP2,,…,192.168.100.19_IP19,192.168.100.20_IP20,} | AB14: チェックON | AG14: 20 | AJ14: IP1 | AN14: 192.168.100.1 | AR14: 20
M15: (許可IP情報を20個保持) | AJ15: IP2 | AN15: 192.168.100.2 | AR15: ※空き行なし
AJ16: … | AN16: …
AJ17: IP19 | AN17: 192.168.100.19
AJ18: IP20 | AN18: 192.168.100.20
B21: 【2】入力チェック
B22: リクエスト元IPアドレス | G22: 14.9.148.97
B23: No | C23: 実施前 | Q23: 入力値 | AE23: 「サーバ保存」ボタンクリック後
C24: 管理ツール「セキュリティ」画面 | Q24: 管理ツール「セキュリティ」画面
C25: ヒアーズミーにアクセス するIPアドレスを制限 (チェックボックス) | H25: 許可するIPアドレス | Q25: ヒアーズミーにアクセス するIPアドレスを制限 (チェックボックス) | V25: 許可するIPアドレス
I26: 名称 | M26: IPアドレス | W26: 名称 | AA26: IPアドレス
B27: 1 | C27: チェックOFF | H27: 1 | I27: (空) | M27: (空) | Q27: チェックON | V27: 1 | W27: 本社IPアドレス | AA27: 14.9.148.97 | AE27: 保存確認ダイアログを表示
B28: =B27+1 -> 2 | C28: チェックON | H28: 1 | I28: 本社IPアドレス | M28: 14.9.148.97 | Q28: チェックOFF | V28: 1 | W28: 本社IPアドレス | AA28: 14.9.148.97 | AE28: 保存確認ダイアログを表示
B29: =B28+1 -> 3 | C29: チェックON | H29: 1 | I29: 本社IPアドレス | M29: 14.9.148.97 | Q29: チェックON | V29: 1 | W29: (空) | AA29: 14.9.148.97 | AE29: 保存確認ダイアログを表示
B30: =B29+1 -> 4 | C30: チェックON | H30: 1 | I30: (任意) | M30: 14.9.148.97 | Q30: チェックON | V30: 1 | W30: (×ボタンでクリア) | AE30: 保存確認ダイアログを表示
H31: 2 | I31: (任意) | M31: 14.9.148.98 | V31: 2 | W31: (空) | AA31: 14.9.148.98
B32: =B30+1 -> 5 | C32: チェックON | H32: 1 | I32: (任意) | M32: 14.9.148.97 | Q32: チェックON | V32: 1 | W32: (任意) | AA32: 14.9.148.97/32 | AE32: 保存確認ダイアログを表示 | AL32: CIDR値最大
B33: =B32+1 -> 6 | C33: チェックON | H33: 1 | I33: (任意) | M33: 14.9.148.97 | Q33: チェックON | V33: 1 | W33: (任意) | AA33: 14.9.148.0/17 | AE33: 保存確認ダイアログを表示 | AL33: （当初/31としていたが、/31は使用不可とのこと）
B34: =B33+1 -> 7 | C34: チェックON | H34: 1 | I34: (任意) | M34: 14.9.148.97 | Q34: チェックON | V34: 1 | W34: (任意) | AA34: 14.8.0.0/13 | AE34: 保存確認ダイアログを表示 | AL34: https://www.vwnet.jp/mura/OldContents/cidr.htm
B35: =B34+1 -> 8 | C35: チェックON | H35: 1 | I35: (任意) | M35: 14.9.148.97 | Q35: チェックON | V35: 1 | W35: (任意) | AA35: 0.0.0.0/1 | AE35: 保存確認ダイアログを表示
B36: =B35+1 -> 9 | C36: チェックON | H36: 1 | I36: (任意) | M36: 14.9.148.97 | Q36: チェックON | V36: 1 | W36: (任意) | AA36: 14.9.148.* | AE36: 保存確認ダイアログを表示
B37: =B36+1 -> 10 | C37: チェックON | H37: 1 | I37: (任意) | M37: 14.9.148.97 | Q37: チェックON | V37: 1 | W37: (任意) | AA37: 14.9.*.* | AE37: 保存確認ダイアログを表示
B38: =B37+1 -> 11 | C38: チェックON | H38: 1 | I38: (任意) | M38: 14.9.148.97 | Q38: チェックON | V38: 1 | W38: (任意) | AA38: 14.*.*.* | AE38: 保存確認ダイアログを表示
B39: =B38+1 -> 12 | C39: チェックOFF | H39: 1 | I39: (空) | M39: (空) | Q39: チェックON | V39: 1 | W39: (空) | AA39: (空) | AE39: エラーメッセージを表示 （許可IPなし）
B40: =B39+1 -> 13 | C40: チェックON | H40: 1 | I40: (任意) | M40: (任意) | Q40: チェックON | V40: 1 | W40: (任意) | AA40: 14.9.148 (「.」数不正) | AE40: エラーメッセージを表示 （IPアドレス形式エラー）
B41: =B40+1 -> 14 | C41: チェックON | H41: 1 | I41: (任意) | M41: (任意) | Q41: チェックON | V41: 1 | W41: (任意) | AA41: 14.9.148. (最後に「.」がある） | AE41: エラーメッセージを表示 （IPアドレス形式エラー）
B42: =B41+1 -> 15 | C42: チェックON | H42: 1 | I42: (任意) | M42: (任意) | Q42: チェックON | V42: 1 | W42: (任意) | AA42: 14.9.148.98.0 (「.」数不正) | AE42: エラーメッセージを表示 （IPアドレス形式エラー）
B43: =B42+1 -> 16 | C43: チェックON | H43: 1 | I43: (任意) | M43: (任意) | Q43: チェックON | V43: 1 | W43: (任意) | AA43: A.9.148.98 (不正文字) | AE43: エラーメッセージを表示 （IPアドレス形式エラー）
B44: =B43+1 -> 17 | C44: チェックON | H44: 1 | I44: (任意) | M44: (任意) | Q44: チェックON | V44: 1 | W44: (任意) | AA44: 14.&.148.98 (不正文字) | AE44: エラーメッセージを表示 （IPアドレス形式エラー）
B45: =B44+1 -> 18 | C45: チェックON | H45: 1 | I45: (任意) | M45: (任意) | Q45: チェックON | V45: 1 | W45: (任意) | AA45: 14.9.256.98 (255以上の数字) | AE45: エラーメッセージを表示 （IPアドレス形式エラー）
B46: =B45+1 -> 19 | C46: チェックON | H46: 1 | I46: (任意) | M46: (任意) | Q46: チェックON | V46: 1 | W46: (任意) | AA46: 14.9.148.１ (最後が全角数字） | AE46: エラーメッセージを表示 （IPアドレス形式エラー）
... B54: =B53+1 -> 27 | C54: チェックON | H54: 1 | I54: (任意) | M54: (任意) | Q54: チェックON | V54: 1 | W54: (任意) | AA54: 14.9.148.*/24 (*と/が混在) | AE54: エラーメッセージを表示 （IPアドレス形式エラー）
B55: =B54+1 -> 28 | C55: チェックON | H55: 1 | I55: (任意) | M55: (任意) | Q55: チェックON | V55: 1 | W55: (任意) | AA55: 14.9.148.0/0 (CIDR範囲不正) | AE55: エラーメッセージを表示 （IPアドレス形式エラー） | AL55: CIDRが0になるのありうるが、機能としてはエラーとする
B56: =B55+1 -> 29 | C56: チェックON | H56: 1 | I56: (任意) | M56: (任意) | Q56: チェックON | V56: 1 | W56: (任意) | AA56: 14.9.148.0/33 (CIDR範囲不正) | AE56: エラーメッセージを表示 （IPアドレス形式エラー）
B57: =B56+1 -> 30 | C57: チェックON | H57: 1 | I57: (任意) | M57: (任意) | Q57: チェックON | V57: 1 | W57: (任意) | AA57: 14.9.148.97 | AE57: エラーメッセージを表示 （IPアドレス未入力） | AL57: 正常とエラーが混在
H58: 2 | I58: (任意) | M58: (任意) | V58: 2 | W58: (入力あり) | AA58: (空)
H59: 3 | I59: (任意) | M59: (任意) | V59: 3 | W59: (任意) | AA59: 14.9.148.98
B60: =B57+1 -> 31 | C60: チェックON | H60: 1 | I60: (任意) | M60: (任意) | Q60: チェックON | V60: 1 | W60: (任意) | AA60: 100.9.148.97 | AE60: 警告ダイアログを表示 （接続元IPがIPリストに含まれていない）
H61: =H60+1 -> 2 | I61: (任意) | M61: (任意) | V61: =V60+1 -> 2 | W61: (任意) | AA61: 14.100.148.97
H62: =H61+1 -> 3 | I62: (任意) | M62: (任意) | V62: =V61+1 -> 3 | W62: (任意) | AA62: 14.9.100.97
H63: =H62+1 -> 4 | I63: (任意) | M63: (任意) | V63: =V62+1 -> 4 | W63: (任意) | AA63: 14.9.148.100
H64: =H63+1 -> 5 | I64: (任意) | M64: (任意) | V64: =V63+1 -> 5 | W64: (任意) | AA64: 128.0.0.0/1
H65: =H64+1 -> 6 | I65: (任意) | M65: (任意) | V65: =V64+1 -> 6 | W65: (任意) | AA65: 14.16.0.0/12
H66: =H65+1 -> 7 | I66: (任意) | M66: (任意) | V66: =V65+1 -> 7 | W66: (任意) | AA66: 14.9.192.0/18
H67: =H66+1 -> 8 | I67: (任意) | M67: (任意) | V67: =V66+1 -> 8 | W67: (任意) | AA67: 14.9.148.128/25
H68: =H67+1 -> 9 | I68: (任意) | M68: (任意) | V68: =V67+1 -> 9 | W68: (任意) | AA68: 15.*.*.*
H69: =H68+1 -> 10 | I69: (任意) | M69: (任意) | V69: =V68+1 -> 10 | W69: (任意) | AA69: 14.10.*.*
H70: =H69+1 -> 11 | I70: (任意) | M70: (任意) | V70: =V69+1 -> 11 | W70: (任意) | AA70: 14.9.191.*
H71: =H70+1 -> 12 | I71: (任意) | M71: (任意) | V71: =V70+1 -> 12 | W71: (任意) | AA71: 192.168.0.1
H72: =H71+1 -> 13 | I72: (任意) | M72: (任意) | V72: =V71+1 -> 13 | W72: (任意) | AA72: 192.168.0.2
... H79: =H78+1 -> 20 | I79: (任意) | M79: (任意) | V79: =V78+1 -> 20 | W79: (任意) | AA79: 192.168.0.9
A80: 追加 | B80: 32 | C80: チェックON | H80: 1 | I80: (任意) | M80: 14.9.148.97 | Q80: チェックON | V80: 1 | W80: (任意) | AA80: 14.9.148.97 | AE80: 保存確認ダイアログを表示 | AL80: 1つ目で一致
V81: 2 | W81: (任意) | AA81: 14.9.148.98
V82: 3 | W82: (任意) | AA82: 14.9.148.99
A83: 追加 | B83: 33 | C83: チェックON | H83: 1 | I83: (任意) | M83: 14.9.148.97 | Q83: チェックON | V83: 1 | W83: (任意) | AA83: 14.9.148.98 | AE83: 保存確認ダイアログを表示 | AL83: 中間で一致
V84: 2 | W84: (任意) | AA84: 14.9.148.97
V85: 3 | W85: (任意) | AA85: 14.9.148.99
A86: 追加 | B86: 34 | C86: チェックON | H86: 1 | I86: (任意) | M86: 14.9.148.97 | Q86: チェックON | V86: 1 | W86: (任意) | AA86: 14.9.148.98 | AE86: 保存確認ダイアログを表示 | AL86: 末尾で一致
V87: 2 | W87: (任意) | AA87: 14.9.148.99
V88: 3 | W88: (任意) | AA88: 14.9.148.97
B90: 【3】更新
B91: リクエスト元IPアドレス | G91: 14.9.148.97
B92: No | C92: 更新前 | AO92: 更新操作 | BB92: 更新後
C93: DB「iw_ipmanagetbl」（IP管理テーブル） | AB93: 管理ツール「セキュリティ」画面 | AO93: 管理ツール「セキュリティ」画面 | BB93: DB「iw_ipmanagetbl」（IP管理テーブル）
C94: 企業ID | F94: IP制限有効設定 | J94: IP設定可能数 | M94: IPリスト | AB94: ヒアーズミーにアクセス するIPアドレスを制限 (チェックボックス) | AG94: 許可するIPアドレス | AO94: ヒアーズミーにアクセス するIPアドレスを制限 (チェックボックス) | AT94: 許可するIPアドレス | BB94: 企業ID | BE94: IP制限有効設定 | BI94: IPリスト
C95: company_id | F95: enable_flg | J95: ip_max_num | M95: ip_list | AG95: 名称 | AK95: IPアドレス | AT95: 名称 | AX95: IPアドレス | BB95: company_id | BE95: enable_flg | BI95: ip_list
B96: 1 | C96: ログインユーザが 所属する企業 | F96: 0（制限しない） | J96: 20 | M96: {} | AB96: チェックOFF | AG96: (空) | AK96: (空) | AO96: チェックON | AT96: 本社IPアドレス | AX96: 14.9.148.97 | BB96: ログインユーザが 所属する企業 | BE96: 1（制限する） | BI96: {14.9.148.97_本社IPアドレス}
B97: 2 | C97: ログインユーザが 所属する企業 | F97: 1（制限する） | J97: 20 | M97: {14.9.148.97_本社IPアドレス} | AB97: チェックON | AG97: 本社IPアドレス | AK97: 14.9.148.97 | AO97: チェックON | AT97: 本社IPアドレス | AX97: 14.9.148.97 | BB97: ログインユーザが 所属する企業 | BE97: 1（制限する） | BI97: {14.9.148.97_本社IPアドレス,_192.168.10.*_,128.10.128.1/25_北海道支社}
AT98: (空) | AX98: 192.168.10.*
AT99: 北海道支社 | AX99: 128.10.128.1/25
B100: 3 | C100: ログインユーザが 所属する企業 | F100: 1（制限する） | J100: 20 | M100: {14.9.148.97_本社IPアドレス,_192.168.10.*_,128.10.128.1/25_北海道支社} | AB100: チェックON | AG100: 本社IPアドレス | AK100: 14.9.148.97 | AO100: チェックON | AT100: 本社IPアドレス | AX100: 14.9.148.97 | BB100: ログインユーザが 所属する企業 | BE100: 1（制限する） | BI100: {14.9.148.97_本社IPアドレス,128.10.128.1/25_北海道支社}
AG101: (空) | AK101: 192.168.10.* | AT101: (×ボタンでクリア)
AG102: 北海道支社 | AK102: 128.10.128/25 | AT102: 北海道支社 | AX102: 128.10.128/25
B103: 4 | C103: ログインユーザが 所属する企業 | F103: 1（制限する） | J103: 20 | M103: {14.9.148.97_本社IPアドレス,北海道支社_128.10.128.1/25} | AB103: チェックON | AG103: 本社IPアドレス | AK103: 14.9.148.97 | AO103: チェックON | AT103: 本社IPアドレス | AX103: 14.9.148.97 | BB103: ログインユーザが 所属する企業 | BE103: 1（制限する） | BI103: {14.9.148.97_本社IPアドレス,128.10.128.1/25_北海道支社,192.168.10.1_追加IP-1}
AG104: 北海道支社 | AK104: 128.10.128.1/25 | AT104: 北海道支社 | AX104: 128.10.128/25
AT105: (空) | AX105: (空)
AT106: 追加IP-1 | AX106: 192.168.10.1
AT107: (＋ボタンで空行を追加)
AT108: ・ ・ (全部で20行になるように追加。すべて空)
B109: 5 | C109: ログインユーザが 所属する企業 | F109: 1（制限する） | J109: 20 | M109: {14.9.148.97_本社IPアドレス,北海道支社_128.10.128.1/25} | AB109: チェックON | AG109: 本社IPアドレス | AK109: 14.9.148.97 | AO109: チェックON | AT109: 本社IPアドレス | AX109: 14.9.148.97 | BB109: ログインユーザが 所属する企業 | BE109: 1（制限する） | BI109: {14.9.148.97_本社IPアドレス,128.10.128/25_北海道支社,192.168.10.1_追加IP-1,192.168.10.2_追加IP-2,…,192.168.10.18_追加IP-18}
AG110: 北海道支社 | AK110: 128.10.128/25 | AT110: 北海道支社 | AX110: 128.10.128/25 | BI110: (許可IP情報を20個保持)
AT111: 追加IP-1 | AX111: 192.168.10.1
AT112: 追加IP-2 | AX112: 192.168.10.2
AT113: ・ ・ (全部で20個になるように追加)
AT114: 追加IP-17 | AX114: 192.168.10.17
AT115: 追加IP-18 | AX115: 192.168.10.18
B116: 6 | C116: ログインユーザが 所属する企業 | F116: 1（制限する） | J116: 20 | M116: {14.9.148.97_本社IPアドレス,北海道支社_128.10.128/25,192.168.10.1_追加IP-1,192.168.10.2_追加IP-2,…,192.168.10.18_追加IP-18} | AB116: チェックON | AG116: 本社IPアドレス | AK116: 14.9.148.97 | AO116: チェックOFF | AT116: 本社IPアドレス | AX116: 14.9.148.97 | BB116: ログインユーザが 所属する企業 | BE116: 0（制限しない） | BI116: {}
M117: (許可IP情報を20個保持) | AG117: 北海道支社 | AK117: 128.10.128/25 | AT117: 北海道支社 | AX117: 128.10.128/25 | BI117: (更新完了後、画面上のIP許可リストもクリアされること)
...

Sheet データ（一括登録）
A1: ユーザ一括登録機能 データバリエーション
B3: ■DB登録済みデータ（以下のデータをすべて登録した状態で試験を実施すること）
B4: No | C4: DB「iw_companytbl」（企業情報テーブル） | M4: No | N4: DB「iw_classtbl」（役職情報テーブル）
C5: 企業ID | G5: 登録可能ユーザ数 | N5: 企業ID | R5: 役職ID | U5: 役職名（フル） | Z5: 役職名（表示）
C6: company_id | G6: max_user_num | N6: company_id | R6: class_id | U6: c_name1 | Z6: c_name
B7: 1 | C7: ログインユーザが 所属する企業 | G7: 10 | M7: 1 | N7: ログインユーザが 所属する企業 | R7: 10 | U7: 部長 | Z7: 部長
M8: 2 | N8: ログインユーザが 所属する企業 | R8: 11 | U8: 一般社員 | Z8: 社員
B10: No | C10: DB「iw_sectiontbl」（拠点情報テーブル） | S10: No | T10: DB「iw_grouptbl」（所属情報テーブル）
C11: 企業ID | G11: 拠点ID | J11: 拠点名 | O11: 表示順 | T11: 企業ID | X11: 所属ID | AA11: 所属名 | AF11: 拠点ID | AI11: 表示順
C12: company_id | G12: section_id | J12: s_name | O12: vieworder | T12: company_id | X12: group_id | AA12: g_name | AF12: section_id | AI12: vieworder
B13: 1 | C13: ログインユーザが 所属する企業 | G13: 10 | J13: 拠点１ | O13: 1 | S13: 1 | T13: ログインユーザが 所属する企業 | X13: 101 | AA13: 所属１－１ | AF13: 10 | AI13: 1
B14: 2 | C14: ログインユーザが 所属する企業 | G14: 20 | J14: 拠点２ | O14: 2 | S14: 2 | T14: ログインユーザが 所属する企業 | X14: 102 | AA14: 所属１－２ | AF14: 10 | AI14: 2
B15: 3 | C15: ログインユーザが 所属する企業 | G15: 30 | J15: 拠点３ | O15: 3 | S15: 3 | T15: ログインユーザが 所属する企業 | X15: 201 | AA15: 所属２－１ | AF15: 20 | AI15: 3
S16: 4 | T16: ログインユーザが 所属する企業 | X16: 301 | AA16: 所属３－１ | AF16: 30 | AI16: 4
S17: 5 | T17: ログインユーザが 所属する企業 | X17: 302 | AA17: 所属１－１ | AF17: 30 | AI17: 5 | AL17: ※所属名が重複するが拠点が異なる
B19: No | C19: DB「iw_usertbl」（ユーザ情報テーブル） ※以下にない項目は任意
C20: 企業ID | G20: ユーザID | K20: 社員ID | N20: 社員名 | S20: メールアドレス | X20: パスワード | AB20: 役職ID | AE20: 拠点ID | AH20: 所属ID | AK20: 管理者 | AN20: 表示順 | AQ20: テレワークフラグ | AU20: アバターURL | AX20: 社員名(かな) | BC20: 勤怠管理
C21: company_id | G21: user_id | K21: staff_id | N21: name | S21: mail | X21: passwd | AB21: class | AE21: section | AH21: group_id | AK21: admin_flg | AN21: vieworder | AQ21: telework_flg | AU21: avatar | AX21: name_phonetic | BC21: attendance_flg
B22: 1 | C22: ログインユーザが 所属する企業 | G22: 一意のID | K22: 1 | N22: ミクロス 太郎 | S22: t.mic_test2-7@test.co.jp | X22: (任意) | AB22: 10 | AE22: 10 | AH22: 101 | AK22: 1 | AN22: 1 | AQ22: (任意) | AU22: (任意) | AX22: みくろす たろう | BC22: 1
B23: 2 | C23: ログインユーザが 所属する企業 | G23: 一意のID | K23: 2 | N23: ミクロス 花子 | S23: h.mic_test2-7@test.co.jp | X23: (任意) | AB23: 11 | AE23: 10 | AH23: 101 | AK23: 0 | AN23: 2 | AQ23: (任意) | AU23: (任意) | BC23: 1
B24: 3 | C24: ログインユーザが 所属する企業 | G24: 一意のID | K24: 3 | N24: ミクロス 次郎 | S24: j.mic_test2-7@test.co.jp | X24: (任意) | AB24: 11 | AE24: 10 | AH24: 102 | AK24: 0 | AN24: 3 | AQ24: (任意) | AU24: (任意) | AX24: みくろす じろう | BC24: 0
B25: 4 | C25: ログインユーザが 所属する企業 | G25: 一意のID | K25: 4 | N25: ミクロス 三郎 | S25: s.mic_test2-7@test.co.jp | X25: (任意) | AB25: 10 | AE25: 20 | AH25: 201 | AK25: 1 | AN25: 4 | AQ25: (任意) | AU25: (任意) | AX25: みくろす さぶろう | BC25: 0
B27: No | C27: DB「iw_maintbl」（行先情報テーブル） ※以下にない項目は任意
C28: 企業ID | G28: ユーザID | K28: 社員ID | N28: 社員名 | S28: 役職ID
C29: company_id | G29: user_id | K29: staff_id | N29: name | S29: class
B30: 1 | C30: ログインユーザが 所属する企業 | G30: 一意のID | K30: 1 | N30: ミクロス 太郎 | S30: 10
B31: 2 | C31: ログインユーザが 所属する企業 | G31: 一意のID | K31: 2 | N31: ミクロス 花子 | S31: 11
B32: 3 | C32: ログインユーザが 所属する企業 | G32: 一意のID | K32: 3 | N32: ミクロス 次郎 | S32: 11
B33: 4 | C33: ログインユーザが 所属する企業 | G33: 一意のID | K33: 4 | N33: ミクロス 三郎 | S33: 10
B36: 【1】ファイル選択
B37: No | C37: 「ファイルを選択」ボタン 選択するファイルの拡張子 | H37: 結果
B39: 1 | C39: .csv | H39: 選択したファイル名を表示 「チェック開始」ボタンが青
B40: =B39+1 -> 2 | C40: .CSV | H40: 選択したファイル名を表示 「チェック開始」ボタンが青
B41: =B40+1 -> 3 | C41: .Csv | H41: 選択したファイル名を表示 「チェック開始」ボタンが青
B42: =B41+1 -> 4 | C42: .xlsx | H42: エラーダイアログを表示 (csvファイルを選択してください) 「チェック開始」ボタンがグレー
B43: =B42+1 -> 5 | C43: .txt | H43: エラーダイアログを表示 (csvファイルを選択してください) 「チェック開始」ボタンがグレー
B45: 【2】csvファイルチェック
B46: No | C46: csvファイルのデータ | AW46: → 「チェック開始」 クリック後 | AZ46: チェック結果
C47: (1) | F47: (2) | K47: (3) | P47: (4) | U47: (5) | Z47: (6) | AE47: (7) | AK47: (8) | AN47: (9) | AQ47: (10) | AT47: (11) | AZ47: ※メッセージ | BC47: データ表 （各列にはcsvに記載のデータがそのまま表示される） | BQ47: 一括登録ボタン
C48: 社員ID | F48: 社員名 | K48: 社員名(かな) | P48: 役職 | U48: 拠点 | Z48: 所属 | AE48: メールアドレス | AK48: パスワード | AN48: 管理者 | AQ48: 勤怠管理 | AT48: ※範囲外 | BC48: チェックボックス | BG48: 結果 | BI48: エラー表示の列名 | BM48: 要確認の列名
B49: 1 | C49: 101 | F49: インポートデータ1 | K49: いんぽーとでーた1 | P49: 部長 | U49: 拠点１ | Z49: 所属１－１ | AE49: import1_test2-7@test.co.jp | AK49: (任意) | AN49: 1 | AQ49: 0 | AT49: (なし) | AZ49: 1 | BC49: ONで非活性 | BG49: OK | BI49: (なし) | BM49: (なし) | BQ49: 活性
B50: =B49+1 -> 2 | C50: 102 | F50: インポートデータ2 | K50: (空) | P50: 社員 | U50: 拠点２ | Z50: 所属２－１ | AE50: import2_test2-7@test.co.jp | AK50: (任意) | AN50: 0 | AQ50: 1 | AT50: (なし) | AZ50: 1 | BC50: ONで非活性 | BG50: OK | BI50: (なし) | BM50: (なし) | BQ50: 活性
B51: =B50+1 -> 3 | C51: 103 | F51: インポートデータ3 | K51: いんぽーとでーた3 | P51: 社員 | U51: 拠点３ | Z51: 所属１－１ | AE51: import3_test2-7@test.co.jp | AK51: (任意) | AN51: (空) | AQ51: (空) | AT51: (なし) | AZ51: 1 | BC51: ONで非活性 | BG51: OK | BI51: (なし) | BM51: (なし) | BQ51: 活性
B52: =B51+1 -> 4 | C52: 104 | F52: インポートデータ4 | K52: (任意) | P52: 部長 | U52: 拠点１ | Z52: 所属１－３ | AE52: import4_test2-7@test.co.jp | AK52: (任意) | AN52: (任意) | AQ52: (任意) | AT52: (なし) | AZ52: 15 | BC52: OFFで活性 | BG52: 要確認 | BI52: (なし) | BM52: 所属 | BQ52: 活性
B53: =B52+1 -> 5 | C53: 105 | F53: インポートデータ5 | K53: (任意) | P53: 部長 | U53: 拠点４ | Z53: 所属１－１ | AE53: import5_test2-7@test.co.jp | AK53: (任意) | AN53: (任意) | AQ53: (任意) | AT53: (なし) | AZ53: 13 | BC53: OFFで活性 | BG53: 要確認 | BI53: (なし) | BM53: 拠点、所属 | BQ53: 活性
B54: =B53+1 -> 6 | C54: 106 | F54: インポートデータ6 | K54: (任意) | P54: 課長 | U54: 拠点１ | Z54: 所属１－１ | AE54: import6_test2-7@test.co.jp | AK54: (任意) | AN54: (任意) | AQ54: (任意) | AT54: (なし) | AZ54: 11 | BC54: OFFで活性 | BG54: 要確認 | BI54: (なし) | BM54: 役職 | BQ54: 活性
B55: =B54+1 -> 7 | C55: 2 | F55: インポートデータ7 | K55: (任意) | P55: 社員 | U55: 拠点２ | Z55: 所属２－１ | AE55: h.mic_test2-7@test.co.jp | AK55: (任意) | AN55: (任意) | AQ55: (任意) | AT55: (なし) | AZ55: 5 | BC55: OFFで活性 | BG55: 要確認 | BI55: (なし) | BM55: 社員名、メールアドレス | BQ55: 活性
B56: =B55+1 -> 8 | C56: 108 | F56: インポートデータ8 | K56: (任意) | P56: 社員 | U56: 拠点１ | Z56: 所属１－１ | AE56: import8_test2-7@test.co.jp | AK56: (任意) | AN56: (任意) | AQ56: (任意) | AT56: (あり) | AZ56: 3 | BC56: OFFで非活性 | BG56: エラー | BI56: (なし) | BM56: (なし) | BQ56: 非活性
B57: =B56+1 -> 9 | C57: 109 | F57: インポートデータ9-1 | K57: (任意) | P57: 社員 | U57: 拠点１ | Z57: 所属１－１ | AE57: import9-1_test2-7@test.co.jp | AK57: (任意) | AN57: (任意) | AQ57: (任意) | AT57: (なし) | AZ57: (なし) | BC57: ONで非活性 | BG57: エラー | BI57: 社員ID | BM57: (なし) | BQ57: 非活性
C58: 109 | F58: インポートデータ9-2 | K58: (任意) | P58: 社員 | U58: 拠点１ | Z58: 所属１－１ | AE58: import9-2_test2-7@test.co.jp | AK58: (任意) | AN58: (任意) | AQ58: (任意) | AT58: (なし) | AZ58: 4 | BC58: OFFで非活性 | BG58: エラー | BI58: 社員ID | BM58: (なし)
B59: =B57+1 -> 10 | C59: 3 | F59: インポートデータ10 | K59: (任意) | P59: 社員 | U59: 拠点１ | Z59: 所属１－１ | AE59: import10_test2-7@test.co.jp | AK59: (任意) | AN59: (任意) | AQ59: (任意) | AT59: (なし) | AZ59: 6 | BC59: OFFで非活性 | BG59: エラー | BI59: 社員ID | BM59: (なし) | BQ59: 非活性
B60: =B59+1 -> 11 | C60: (空) | F60: インポートデータ11 | K60: (任意) | P60: 社員 | U60: 拠点１ | Z60: 所属１－１ | AE60: import11_test2-7@test.co.jp | AK60: (任意) | AN60: (任意) | AQ60: (任意) | AT60: (なし) | AZ60: 7 | BC60: OFFで非活性 | BG60: エラー | BI60: 社員ID | BM60: (なし) | BQ60: 非活性
B61: =B60+1 -> 12 | C61: 12345678901 | F61: インポートデータ12 | K61: (任意) | P61: 社員 | U61: 拠点１ | Z61: 所属１－１ | AE61: import12_test2-7@test.co.jp | AK61: (任意) | AN61: (任意) | AQ61: (任意) | AT61: (なし) | AZ61: 7 | BC61: OFFで非活性 | BG61: エラー | BI61: 社員ID | BM61: (なし) | BQ61: 非活性
B62: =B61+1 -> 13 | C62: abc | F62: インポートデータ13 | K62: (任意) | P62: 社員 | U62: 拠点１ | Z62: 所属１－１ | AE62: import13_test2-7@test.co.jp | AK62: (任意) | AN62: (任意) | AQ62: (任意) | AT62: (なし) | AZ62: 8 | BC62: OFFで非活性 | BG62: エラー | BI62: 社員ID | BM62: (なし) | BQ62: 非活性
B63: =B62+1 -> 14 | C63: 114 | F63: (空) | K63: (任意) | P63: 社員 | U63: 拠点１ | Z63: 所属１－１ | AE63: import14_test2-7@test.co.jp | AK63: (任意) | AN63: (任意) | AQ63: (任意) | AT63: (なし) | AZ63: 9 | BC63: OFFで非活性 | BG63: エラー | BI63: 社員名 | BM63: (なし) | BQ63: 非活性
B64: =B63+1 -> 15 | C64: 115 | F64: インポートデータ15 | K64: (任意) | P64: (空) | U64: 拠点１ | Z64: 所属１－１ | AE64: import15_test2-7@test.co.jp | AK64: (任意) | AN64: (任意) | AQ64: (任意) | AT64: (なし) | AZ64: 10 | BC64: OFFで非活性 | BG64: エラー | BI64: 役職 | BM64: (なし) | BQ64: 非活性
B65: =B64+1 -> 16 | C65: 116 | F65: インポートデータ16 | K65: (任意) | P65: 社員 | U65: (空) | Z65: 所属１－１ | AE65: import16_test2-7@test.co.jp | AK65: (任意) | AN65: (任意) | AQ65: (任意) | AT65: (なし) | AZ65: 12 | BC65: OFFで非活性 | BG65: エラー | BI65: 拠点 | BM65: (なし) | BQ65: 非活性
B66: =B65+1 -> 17 | C66: 117 | F66: インポートデータ17 | K66: (任意) | P66: 社員 | U66: 拠点１ | Z66: (空) | AE66: import17_test2-7@test.co.jp | AK66: (任意) | AN66: (任意) | AQ66: (任意) | AT66: (なし) | AZ66: 14 | BC66: OFFで非活性 | BG66: エラー | BI66: 所属 | BM66: (なし) | BQ66: 非活性
B67: =B66+1 -> 18 | C67: 118 | F67: インポートデータ18 | K67: (任意) | P67: 社員 | U67: 拠点１ | Z67: 所属１－１ | AE67: (空) | AK67: (任意) | AN67: (任意) | AQ67: (任意) | AT67: (なし) | AZ67: 16 | BC67: OFFで非活性 | BG67: エラー | BI67: メールアドレス | BM67: (なし) | BQ67: 非活性
B68: =B67+1 -> 19 | C68: 119 | F68: インポートデータ19 | K68: (任意) | P68: 社員 | U68: 拠点１ | Z68: 所属１－１ | AE68: h.mic_test2-7@test.co.jp | AK68: (任意) | AN68: (任意) | AQ68: (任意) | AT68: (なし) | AZ68: 17 | BC68: OFFで非活性 | BG68: エラー | BI68: メールアドレス | BM68: (なし) | BQ68: 非活性
B69: =B68+1 -> 20 | C69: 120 | F69: インポートデータ20 | K69: (任意) | P69: 社員 | U69: 拠点１ | Z69: 所属１－１ | AE69: import20_test2-7@test.co.jp | AK69: (空) | AN69: (任意) | AQ69: (任意) | AT69: (なし) | AZ69: 18 | BC69: OFFで非活性 | BG69: エラー | BI69: パスワード | BM69: (なし) | BQ69: 非活性
B70: =B69+1 -> 21 | C70: 121 | F70: インポートデータ21 | K70: (任意) | P70: 社員 | U70: 拠点１ | Z70: 所属１－１ | AE70: import21_test2-7@test.co.jp | AK70: (任意) | AN70: 2 | AQ70: (任意) | AT70: (なし) | AZ70: 19 | BC70: OFFで非活性 | BG70: エラー | BI70: 管理者 | BM70: (なし) | BQ70: 非活性
B71: =B70+1 -> 22 | C71: 122 | F71: インポートデータ22 | K71: (任意) | P71: 社員 | U71: 拠点１ | Z71: 所属１－１ | AE71: import22_test2-7@test.co.jp | AK71: (任意) | AN71: (任意) | AQ71: 2 | AT71: (なし) | AZ71: 20 | BC71: OFFで非活性 | BG71: エラー | BI71: 勤怠管理 | BM71: (なし) | BQ71: 非活性
B72: =B71+1 -> 23 | C72: 201 | F72: インポート超過1 | K72: (任意) | P72: 社員 | U72: 拠点１ | Z72: 所属１－１ | AE72: import-over1_test2-7@test.co.jp | AK72: (任意) | AN72: (任意) | AQ72: (任意) | AT72: (なし) | AZ72: 2 | BC72: (なし) | BG72: (なし) | BI72: (なし) | BM72: (なし) | BQ72: 非活性
C73: … （csvファイル内に７人分のデータを記述）
C74: 207 | F74: インポート超過7 | K74: (任意) | P74: 社員 | U74: 拠点１ | Z74: 所属１－１ | AE74: import-over7_test2-7@test.co.jp | AK74: (任意) | AN74: (任意) | AQ74: (任意) | AT74: (なし)
B75: =B72+1 -> 24 | C75: 124 | F75: インポートデータ24 | K75: (任意) | P75: 社員 | U75: 拠点１ | Z75: 所属１－１ | AE75: import24_test2-7@test.co.jp | AK75: (任意) | AN75: (任意) | AQ75: (任意) | AT75: (なし) | AZ75: (なし) | BC75: ONで非活性 | BG75: OK | BI75: (なし) | BM75: (なし) | BQ75: 非活性
C76: 125 | F76: インポートデータ25 | K76: (任意) | P76: (空) | U76: 拠点１ | Z76: 所属１－１ | AE76: import25_test2-7@test.co.jp | AK76: (任意) | AN76: (任意) | AQ76: (任意) | AT76: (なし) | AZ76: 10 | BC76: OFFで非活性 | BG76: エラー | BI76: 役職 | BM76: (なし)
C77: 126 | F77: インポートデータ26 | K77: (任意) | P77: 課長 | U77: 拠点１ | Z77: 所属１－１ | AE77: import26_test2-7@test.co.jp | AK77: (任意) | AN77: (任意) | AQ77: (任意) | AT77: (なし) | AZ77: 11 | BC77: OFFで活性 | BG77: 要確認 | BI77: (なし) | BM77: 役職
B78: =B75+1 -> 25 | C78: 「 127 」 | F78: "インポート""データ""27" | K78: "インポート データ27" | P78: 社員 | U78: 拠点１ | Z78: 所属１－１ | AE78: import27_test2-7@test.co.jp | AK78: (任意) | AN78: (任意) | AQ78: (任意) | AT78: (なし) | AZ78: 1 | BC78: ONで非活性 | BG78: OK | BI78: (なし) | BM78: (なし) | BQ78: 活性
B79: =B78+1 -> 26 | C79: 128 | F79: インポート"データ"28 | K79: (任意) | P79: 社員 | U79: 拠点１ | Z79: 所属１－１ | AE79: import28_test2-7@test.co.jp | AK79: (任意) | AN79: (任意) | AQ79: (任意) | AT79: (なし) | AZ79: 1 | BC79: ONで非活性 | BG79: OK | BI79: (なし) | BM79: (なし) | BQ79: 活性
C81: ※メッセージ
C82: No | D82: チェック項目 | G82: メッセージ
C83: 1 | D83: 全体 | G83: エラーはありませんでした。
C84: =C83+1 -> 2 | D84: データ数 | G84: 登録可能ユーザ数を超過するため、登録できません。<br>(登録済みユーザ数：4)
C85: =C84+1 -> 3 | D85: 項目数 | G85: 登録するデータの種類は10項目です。
C86: =C85+1 -> 4 | D86: 社員ID | G86: csvファイル内に同一の社員IDが複数存在します。
C87: =C86+1 -> 5 | D87: 社員ID | G87: 入力した社員ID、メールアドレスと一致するユーザがすでに登録されています。このまま登録すると登録済みのデータが上書きされます。
C88: =C87+1 -> 6 | D88: 社員ID | G88: 同一の社員IDのユーザがすでに登録されています。
C89: =C88+1 -> 7 | D89: 社員ID | G89: 社員IDは1～10桁で入力してください。
C90: =C89+1 -> 8 | D90: 社員ID | G90: 社員IDは数字で入力してください。
C91: =C90+1 -> 9 | D91: 氏名 | G91: 氏名が未入力です。
C92: =C91+1 -> 10 | D92: 役職 | G92: 役職が未入力です。
C93: =C92+1 -> 11 | D93: 役職 | G93: 登録されていない役職が入力されています。このまま登録すると役職も新しく追加されます。
C94: =C93+1 -> 12 | D94: 拠点 | G94: 拠点が未入力です。
C95: =C94+1 -> 13 | D95: 拠点・所属 | G95: 登録されていない拠点・所属が入力されています。このまま登録すると拠点・所属も新しく追加されます。
... C102: =C101+1 -> 20 | D102: 勤怠管理 | G102: 勤怠管理は0または1で入力してください。(0：勤怠管理を利用する, 1：勤怠管理を利用しない)
B105: 【3】一括登録
B106: ※各Noの試験を実施後はインポートしたデータを削除し、「■DB登録済みデータ」の状態に戻してから次の試験を実施すること。
B107: （同時消化する場合は、登録可能件数、vieworderや、役職・拠点・所属IDが変わることに注意すること）
B108: No | C108: csvファイルのデータ | AT108: → 「チェック開始」 クリック後 | AW108: チェック結果 | AZ108: → 「サーバ保存」 クリック後 | BC108: 一括登録後 DB
C109: (1) | F109: (2) | K109: (3) | P109: (4) | U109: (5) | Z109: (6) | AE109: (7) | AK109: (8) | AN109: (9) | AQ109: (10) | AW109: チェックボックス | BC109: iw_maintbl （行先情報テーブル） | BG109: iw_maintbl （行先情報テーブル） | BK109: iw_classtbl （役職情報テーブル） | BO109: iw_sectiontbl （拠点情報テーブル） | BS109: iw_grouptbl （所属情報テーブル）
C110: 社員ID | F110: 社員名 | K110: 社員名(かな) | P110: 役職 | U110: 拠点 | Z110: 所属 | AE110: メールアドレス | AK110: パスワード | AN110: 管理者 | AQ110: 勤怠管理
B112: 1 | C112: 101 | F112: インポートデータ1 | K112: いんぽーとでーた１ | P112: 部長 | U112: 拠点１ | Z112: 所属１－１ | AE112: import1_test2-7@test.co.jp | AK112: (任意) | AN112: 1 | AQ112: 0 | AW112: ON | BC112: u-1 | BG112: m-1 | BK112: (なし) | BO112: (なし) | BS112: (なし)
C113: 102 | F113: インポートデータ2 | K113: (空) | P113: 社員 | U113: 拠点２ | Z113: 所属２－１ | AE113: import2_test2-7@test.co.jp | AK113: (任意) | AN113: 0 | AQ113: 1 | AW113: ON | BC113: u-2 | BG113: m-2
C114: 103 | F114: インポートデータ3 | K114: (任意) | P114: 社員 | U114: 拠点３ | Z114: 所属１－１ | AE114: import3_test2-7@test.co.jp | AK114: (任意) | AN114: (空) | AQ114: (空) | AW114: ON | BC114: u-3 | BG114: m-3
B115: 2 | C115: 104 | F115: インポートデータ4 | K115: (任意) | P115: 部長 | U115: 拠点１ | Z115: 所属１－３ | AE115: import4_test2-7@test.co.jp | AK115: (任意) | AN115: (任意) | AQ115: (任意) | AW115: ON | BC115: u-4 | BG115: m-4 | BK115: (なし) | BO115: (なし) | BS115: g-1
C116: 105 | F116: インポートデータ5 | K116: (任意) | P116: 部長 | U116: 拠点４ | Z116: 所属１－１ | AE116: import5_test2-7@test.co.jp | AK116: (任意) | AN116: (任意) | AQ116: (任意) | AW116: ON | BC116: u-5 | BG116: m-5 | BK116: (なし) | BO116: s-1 | BS116: g-2
C117: 106 | F117: インポートデータ6 | K117: (任意) | P117: 課長 | U117: 拠点１ | Z117: 所属１－１ | AE117: import6_test2-7@test.co.jp | AK117: (任意) | AN117: (任意) | AQ117: (任意) | AW117: ON | BC117: u-6 | BG117: m-6 | BK117: c-1 | BO117: (なし) | BS117: (なし)
C118: 2 | F118: インポートデータ7 | K118: (任意) | P118: 部長 | U118: 拠点２ | Z118: 所属２－１ | AE118: h.mic_test2-7@test.co.jp | AK118: (任意) | AN118: (任意) | AQ118: (任意) | AW118: ON | BC118: u-7 | BG118: m-7 | BK118: (なし) | BO118: (なし) | BS118: (なし)
...
